State,District,Latitude,Longitude,District code,Population,Male,Female,Literate,Households_with_Internet,LPG_or_PNG_Households,Housholds_with_Electric_Lighting,Households_with_Computer,Working_Processional,%of_male_worker,%of_female_worker,LPG_holders_%age,Electricity_Percentage,computer_percentage,Internet_percentage,Rural_Households,Urban_Households,literacy_rate
Andhra Pradesh,Adilabad,19.284513950073435,78.81321233480176,532,2741239,1369597,1371642,1483347,5512,194954,566108,45202,48.29,54.68,41.9,7.11,20.65,1.65,0.2,597466,220248,54.0
Andhra Pradesh,Anantapur,14.312065561843148,77.4601584478577,553,4081148,2064495,2016653,2310960,8606,223016,897970,48299,49.89,58.54,41.04,5.46,22.0,1.18,0.21,902997,341431,57.0
Andhra Pradesh,Chittoor,13.33109263067696,78.92763898886037,554,4174064,2090204,2083860,2667878,13763,324406,944555,67087,46.32,57.52,35.09,7.77,22.63,1.61,0.33,907970,395900,64.0
Andhra Pradesh,East Godavari,16.782718320784902,82.2432074720511,545,5154296,2569688,2584608,3288577,22411,479914,1297273,93784,40.62,60.16,21.2,9.31,25.17,1.82,0.43,1199479,406362,64.0
Andhra Pradesh,Guntur,15.884925767634847,80.58657614107885,548,4887813,2440521,2447292,2960441,19383,648568,1186028,80434,48.73,59.1,38.38,13.27,24.27,1.65,0.4,1069877,513113,61.0
Andhra Pradesh,Hyderabad,17.38971555555556,78.46668888888888,536,3943323,2018575,1924748,2892155,149034,581509,869721,274653,35.84,51.8,19.1,14.75,22.06,6.97,3.78,0,1066289,73.0
Andhra Pradesh,Karimnagar,18.515483193277312,79.43765428571413,534,3776269,1880800,1895469,2206829,8831,344667,926768,46584,49.7,55.8,43.65,9.13,24.54,1.23,0.23,877236,288044,58.0
Andhra Pradesh,Khammam,17.683921325051784,80.67008643892335,541,2797370,1390988,1406382,1630234,8628,219710,668519,42171,50.41,57.72,43.17,7.85,23.9,1.51,0.31,669262,201363,58.0
Andhra Pradesh,Krishna,16.143872753151673,81.14805061000413,547,4517398,2267375,2250023,3009718,30438,632890,1163932,101450,45.36,58.54,32.07,14.01,25.77,2.25,0.67,909292,567042,67.0
Andhra Pradesh,Kurnool,15.43759715142429,77.90086836581717,552,4053463,2039227,2014236,2127161,10081,195001,816721,56478,50.07,57.09,42.96,4.81,20.15,1.39,0.25,783853,306982,52.0
Andhra Pradesh,Mahbubnagar,16.639546224256293,77.98933089244859,538,4053028,2050386,2002642,1940646,6153,136843,757821,60812,51.38,55.6,47.06,3.38,18.7,1.5,0.15,848963,161052,48.0
Andhra Pradesh,Medak,17.889304978038055,78.13778901903379,535,3033288,1523030,1510258,1637137,8635,163074,604719,47170,47.55,55.01,40.01,5.38,19.94,1.56,0.28,593653,195479,54.0
Andhra Pradesh,Nalgonda,17.113250515463907,79.16984453608244,539,3488809,1759772,1729037,2001019,7715,228818,789225,53777,49.92,55.49,44.26,6.56,22.62,1.54,0.22,833504,197433,57.0
Andhra Pradesh,Nizamabad,18.429485849056604,78.07523490566035,533,2551335,1250641,1300694,1389810,5261,186740,545913,35036,49.43,54.72,44.34,7.32,21.4,1.37,0.21,565165,155133,54.0
Andhra Pradesh,Prakasam,15.489039001601704,80.11665790176184,549,3397448,1714764,1682684,1904435,6151,290947,763746,43611,50.05,57.84,42.12,8.56,22.48,1.28,0.18,873486,214089,56.0
Andhra Pradesh,Srikakulam,18.570900998697432,84.25874814010675,542,2703114,1341738,1361376,1495381,3988,149554,615432,32280,47.73,57.13,38.48,5.53,22.77,1.19,0.15,752752,149684,55.0
Andhra Pradesh,Vizianagaram,18.28329696032972,83.45982854198873,543,2344474,1161477,1182997,1238388,4453,140361,527736,24128,49.39,58.48,40.46,5.99,22.51,1.03,0.19,592458,157056,53.0
Andhra Pradesh,Warangal,18.01752608695651,79.87422028985509,540,3512576,1759281,1753295,2065023,12952,237349,828077,59006,48.56,54.62,42.48,6.76,23.57,1.68,0.37,758738,288249,59.0
Andhra Pradesh,West Godavari,16.63297943925236,81.45912990654196,546,3936966,1964918,1972048,2652389,12050,435334,1017568,55613,45.04,61.04,29.1,11.06,25.85,1.41,0.31,1007255,248373,67.0
Arunachal Pradesh,Changlang,27.36048479338845,96.37552644628106,253,148226,76948,71278,73174,170,4762,14593,1486,42.48,51.11,33.16,3.21,9.85,1.0,0.11,33422,6498,49.0
Arunachal Pradesh,East Kameng,27.371194055944056,93.04741486013997,247,78690,38775,39915,38449,57,3583,5318,885,40.3,42.36,38.3,4.55,6.76,1.12,0.07,14503,5215,49.0
Arunachal Pradesh,East Siang,28.15382352941176,95.06499226006191,251,99214,50116,49098,62576,450,4866,14231,1582,40.54,47.07,33.87,4.9,14.34,1.59,0.45,19497,9524,63.0
Arunachal Pradesh,Kurung Kumey,28.04853351800553,93.24531994459834,256,92076,45318,46758,36606,95,586,3911,969,41.32,40.67,41.95,0.64,4.25,1.05,0.1,18603,1092,40.0
Arunachal Pradesh,Lohit,27.946785273972623,96.59670770547945,259,145726,76221,69505,83062,312,6549,17157,1471,41.82,51.05,31.7,4.49,11.77,1.01,0.21,33599,11372,57.0
Arunachal Pradesh,Lower Dibang Valley,28.32651730103806,95.76567335640142,258,54080,28053,26027,31849,207,3068,5932,742,41.28,50.27,31.6,5.67,10.97,1.37,0.38,12000,3950,59.0
Arunachal Pradesh,Lower Subansiri,27.70849297297297,93.96226108108112,255,83030,41843,41187,54057,381,4211,12493,1598,36.37,41.44,31.23,5.07,15.05,1.92,0.46,18112,5365,65.0
Arunachal Pradesh,Papum Pare,27.273529716981127,93.54468183962264,248,176573,89182,87391,121048,2477,22966,30539,7418,37.25,46.27,28.05,13.01,17.3,4.2,1.4,20308,30180,69.0
Arunachal Pradesh,Tawang,27.680683962264148,91.82504245283016,245,49977,29151,20826,26073,96,3794,8635,494,57.15,67.08,43.25,7.59,17.28,0.99,0.19,10730,2452,52.0
Arunachal Pradesh,Tirap,26.94406229508198,95.41470327868862,254,111975,57604,54371,47974,98,3104,16026,888,44.8,47.82,41.61,2.77,14.31,0.79,0.09,18420,6500,43.0
Arunachal Pradesh,Upper Siang,28.8309244897959,95.00155765306124,252,35320,18699,16621,18195,97,1504,6198,392,49.95,53.31,46.18,4.26,17.55,1.11,0.27,8569,2182,52.0
Arunachal Pradesh,Upper Subansiri,28.277196566523585,93.8991435622318,249,83448,41758,41690,45278,139,3123,5373,750,39.99,42.86,37.11,3.74,6.44,0.9,0.17,14542,4672,54.0
Arunachal Pradesh,West Kameng,27.46486582278483,92.65015750452083,246,83947,46155,37792,48492,202,7133,14188,887,50.62,61.34,37.52,8.5,16.9,1.06,0.24,17889,6306,58.0
Arunachal Pradesh,West Siang,28.106296920289843,94.53510344202908,250,112274,58168,54106,64746,303,6115,14204,1300,43.8,50.12,37.0,5.45,12.65,1.16,0.27,22272,8503,58.0
Assam,Barpeta,26.427872264631056,90.97912010178116,303,1693622,867004,826618,897058,2078,50806,84804,25286,33.17,51.36,14.1,3.0,5.01,1.49,0.12,447189,52192,53.0
Assam,Bongaigaon,26.45012521994133,90.6734296187684,319,738804,375818,362986,434078,2523,29937,49866,12959,34.62,52.56,16.05,4.05,6.75,1.75,0.34,181923,38470,59.0
Assam,Cachar,24.815570668693017,92.86849650455927,316,1736617,886284,850333,1174128,5316,62135,140205,37541,35.01,53.0,16.27,3.58,8.07,2.16,0.31,346227,88933,68.0
Assam,Darrang,26.58463215962442,92.04141338028155,325,928500,475273,453227,487039,1166,17676,45444,12084,34.99,51.94,17.21,1.9,4.89,1.3,0.13,268517,20189,52.0
Assam,Dhemaji,27.586533438485816,94.71336908517353,308,686133,351249,334884,423028,1192,16547,28195,10410,46.17,53.12,38.89,2.41,4.11,1.52,0.17,211758,16504,62.0
Assam,Dibrugarh,27.30612284482757,95.0998282327587,310,1326335,676434,649901,884531,8817,76292,136685,34479,42.26,54.4,29.63,5.75,10.31,2.6,0.66,299852,77163,67.0
Assam,Goalpara,26.017277777777807,90.59869891598912,302,1008183,513292,494891,563577,1364,21455,78641,13524,35.96,52.04,19.29,2.13,7.8,1.34,0.14,228610,39504,56.0
Assam,Golaghat,26.377219709794485,93.82583397823468,313,1066888,543161,523727,721764,3073,40889,82345,17636,44.98,56.91,32.62,3.83,7.72,1.65,0.29,292893,34190,68.0
Assam,Hailakandi,24.457496089385486,92.59154664804475,318,659296,337890,321406,407366,1211,11035,44143,10615,32.5,50.55,13.52,1.67,6.7,1.61,0.18,159215,16202,62.0
Assam,Jorhat,26.76244824016563,94.30197722567289,312,1092256,556805,535451,794929,5651,71639,122063,26357,45.65,57.6,33.22,6.56,11.18,2.41,0.52,286330,80824,73.0
Assam,Kamrup,26.170939452054807,91.58863273972592,321,1517542,778461,739081,995319,3109,70272,122191,23468,41.45,55.04,27.12,4.63,8.05,1.55,0.2,390596,43849,66.0
Assam,Karbi Anglong,26.08966454598031,93.11536570271832,314,956313,490167,466146,557214,1923,18763,53918,11340,40.1,50.23,29.44,1.96,5.64,1.19,0.2,215691,37185,58.0
Assam,Karimganj,24.69660712250711,92.3679498575498,317,1228686,625864,602822,795297,1933,28261,70951,24699,32.49,51.1,13.17,2.3,5.77,2.01,0.16,261945,32695,65.0
Assam,Kokrajhar,26.497246635730868,90.13997470997688,300,887142,452905,434237,489305,1218,15089,41373,14063,38.45,52.18,24.14,1.7,4.66,1.59,0.14,204896,17115,55.0
Assam,Lakhimpur,27.14128805970149,94.0775949253732,307,1042137,529674,512463,683486,1948,32104,60296,15011,41.26,53.29,28.83,3.08,5.79,1.44,0.19,293239,34694,66.0
Assam,Nagaon,26.26462170626351,92.9306191144708,305,2823768,1439112,1384656,1710716,5121,89206,195631,45956,34.71,53.28,15.4,3.16,6.93,1.63,0.18,674999,124186,61.0
Assam,Nalbari,26.46323767605632,91.40598521126763,323,771639,396006,375633,531771,1631,37849,68313,12360,34.68,53.08,15.29,4.91,8.85,1.6,0.21,210706,28238,69.0
Assam,Sonitpur,26.73514926829268,92.85197804878044,306,1924110,983904,940206,1108572,4358,70047,133368,31254,40.05,54.6,24.83,3.64,6.93,1.62,0.23,483325,64528,58.0
Assam,Tinsukia,27.53549291139241,95.69055949367085,309,1327929,680231,647698,798322,5135,70471,161718,27948,41.96,53.9,29.42,5.31,12.18,2.1,0.39,290704,90910,60.0
Bihar,Araria,26.211528119180603,87.30766554934816,209,2811569,1463333,1348236,1195768,2561,17004,43290,29796,38.05,48.41,26.81,0.6,1.54,1.06,0.09,659061,44213,43.0
Bihar,Aurangabad,24.774291867469877,84.45986024096379,235,2540073,1318684,1221389,1466002,2362,24106,44456,31168,32.98,45.44,19.54,0.95,1.75,1.23,0.09,428291,49006,58.0
Bihar,Aurangabad,24.774291867469877,84.45986024096379,515,3701282,1924469,1776813,2503837,23258,246324,589477,69937,42.55,52.79,31.47,6.66,15.93,1.89,0.63,551789,427343,68.0
Maharashtra,Aurangabad,20.0979228832952,75.32072196796334,235,2540073,1318684,1221389,1466002,2362,24106,44456,31168,32.98,45.44,19.54,0.95,1.75,1.23,0.09,428291,49006,58.0
Maharashtra,Aurangabad,20.0979228832952,75.32072196796334,515,3701282,1924469,1776813,2503837,23258,246324,589477,69937,42.55,52.79,31.47,6.66,15.93,1.89,0.63,551789,427343,68.0
Bihar,Banka,24.832355642023337,86.8664916342413,225,2034763,1067140,967623,965321,1704,15459,62359,22300,37.9,48.52,26.17,0.76,3.06,1.1,0.08,425604,18492,47.0
Bihar,Begusarai,25.54302613168723,86.12560144032932,222,2970541,1567660,1402881,1548673,4644,49493,120373,43127,31.58,45.63,15.88,1.67,4.05,1.45,0.16,594377,139248,52.0
Bihar,Bhagalpur,25.277192885375477,87.04213814229242,224,3037766,1615663,1422103,1573066,6764,63241,174534,46929,32.38,45.81,17.12,2.08,5.75,1.54,0.22,522527,130634,52.0
Bihar,Bhojpur,25.50666439393939,84.49407803030304,231,2728407,1430380,1298027,1599151,3661,45763,62153,34658,30.15,44.76,14.04,1.68,2.28,1.27,0.13,434559,77368,59.0
Bihar,Buxar,25.48593018867924,84.08808081760995,232,1706352,887977,818375,989807,1784,27362,46760,19324,31.55,45.29,16.64,1.6,2.74,1.13,0.1,299252,35405,58.0
Bihar,Darbhanga,26.146187719298258,85.97387352472099,215,3937385,2059949,1877436,1816634,6280,59510,127442,53205,31.08,46.02,14.69,1.51,3.24,1.35,0.16,907174,95539,46.0
Bihar,Gaya,24.7266541547278,84.94291217765044,236,4391418,2266566,2124852,2297613,6856,57738,112617,57011,37.89,47.48,27.67,1.31,2.56,1.3,0.16,696289,111282,52.0
Bihar,Gopalganj,26.44874364161851,84.34636127167629,217,2562012,1267666,1294346,1382998,3707,31193,69375,33596,28.42,42.57,14.57,1.22,2.71,1.31,0.14,515925,38133,54.0
Bihar,Jamui,24.78418380462726,86.26316298200514,238,1760405,916064,844341,858588,1839,12984,32633,22414,41.33,49.37,32.6,0.74,1.85,1.27,0.1,325909,30851,49.0
Bihar,Jehanabad,25.155679045643165,84.9208124481328,239,1125313,585582,539731,618881,1106,15507,27641,11302,32.47,45.5,18.33,1.38,2.46,1.0,0.1,186660,28132,55.0
Bihar,Katihar,25.56565356037151,87.70466083591326,212,3071029,1600430,1470599,1280190,2941,32570,60900,27263,33.0,47.52,17.21,1.06,1.98,0.89,0.1,668232,69838,42.0
Bihar,Khagaria,25.53558891454964,86.56593256351037,223,1666886,883786,783100,768028,1580,15401,40641,21654,33.64,45.06,20.76,0.92,2.44,1.3,0.09,373696,21007,46.0
Bihar,Kishanganj,26.324336758321294,87.95045007235886,210,1690400,866970,823430,745056,1093,11715,58718,14073,31.3,48.58,13.1,0.69,3.47,0.83,0.06,401793,43357,44.0
Bihar,Lakhisarai,25.183449321266963,86.12825701357468,227,1000912,526345,474567,507270,1186,12938,44491,8862,32.63,45.69,18.14,1.29,4.45,0.89,0.12,175882,31763,51.0
Bihar,Madhepura,25.77341929460581,86.8978443983403,213,2001762,1047559,954203,834577,1397,12302,23236,23309,38.84,47.35,29.5,0.61,1.16,1.16,0.07,486278,24000,42.0
Bihar,Madhubani,26.41380538172716,86.16328360450552,207,4487379,2329313,2158066,2155338,5319,47090,113281,65548,36.48,47.48,24.6,1.05,2.52,1.46,0.12,1047552,41234,48.0
Bihar,Munger,25.198537962962963,86.54173672839504,226,1367765,729041,638724,801817,2653,49141,90461,17946,31.19,44.92,15.53,3.59,6.61,1.31,0.19,222281,85782,59.0
Bihar,Muzaffarpur,26.18664417177915,85.32745092024543,216,4801062,2527497,2273565,2509232,10290,87796,180651,73012,32.23,47.29,15.49,1.83,3.76,1.52,0.21,998694,120700,52.0
Bihar,Nalanda,25.229345508982053,85.48053113772461,229,2877653,1497060,1380593,1519933,4156,43761,101378,43848,36.33,46.99,24.77,1.52,3.52,1.52,0.14,514141,102522,53.0
Bihar,Nawada,24.825708836206903,85.61594568965519,237,2219146,1144668,1074478,1091012,1841,20522,31162,28411,36.82,47.13,25.84,0.92,1.4,1.28,0.08,379551,45323,49.0
Bihar,Pashchim Champaran,27.16064352201258,84.30265911949685,203,3935042,2061110,1873932,1759481,3495,38414,57546,41143,37.58,48.48,25.6,0.98,1.46,1.05,0.09,839514,96620,45.0
Bihar,Patna,25.40297114503818,85.3198433587787,230,5838465,3078512,2759953,3459679,40692,321307,546859,132582,32.23,46.66,16.14,5.5,9.37,2.27,0.7,657991,552103,59.0
Bihar,Purba Champaran,26.68129336734693,85.00382155612242,204,5099371,2681209,2418162,2276957,7719,52358,74979,70258,34.07,47.02,19.72,1.03,1.47,1.38,0.15,1142260,101565,45.0
Bihar,Purnia,25.81714801901739,87.40447606973065,211,3264619,1699370,1565249,1332326,4170,33688,86058,33664,35.02,47.27,21.72,1.03,2.64,1.03,0.13,712847,85749,41.0
Bihar,Rohtas,24.99170460829495,83.9350762672811,234,2959918,1543546,1416372,1799832,4594,41659,114893,36279,31.25,45.86,15.32,1.41,3.88,1.23,0.16,512383,95678,61.0
Bihar,Saharsa,25.821270696721303,86.54670819672135,214,1900661,997174,903487,804996,1668,21651,41342,19415,34.19,45.8,21.38,1.14,2.18,1.02,0.09,432651,38046,42.0
Bihar,Samastipur,25.793205563909765,85.94833323308269,221,4261566,2230003,2031563,2142880,5379,46123,88021,50918,31.52,46.53,15.05,1.08,2.07,1.19,0.13,1012979,43486,50.0
Bihar,Saran,25.89656077844312,84.82266287425155,219,3951862,2022821,1929041,2157454,4509,51822,94787,37442,26.32,42.4,9.46,1.31,2.4,0.95,0.11,701323,76299,55.0
Bihar,Sheikhpura,25.12472436548223,85.77839390862943,228,636342,329743,306599,328676,631,6803,20065,8873,35.3,45.97,23.84,1.07,3.15,1.39,0.1,108293,24345,52.0
Bihar,Sheohar,26.458380748663107,85.29539411764709,205,656246,346673,309573,283698,478,3983,10004,6698,32.97,48.08,16.05,0.61,1.52,1.02,0.07,158484,7516,43.0
Bihar,Sitamarhi,26.56570069686413,85.61172491289203,206,3423574,1803252,1620322,1436794,3460,39465,66263,42461,32.56,48.02,15.35,1.15,1.94,1.24,0.1,807294,49670,42.0
Bihar,Siwan,26.1736372013652,84.33766552901022,218,3330464,1675090,1655374,1930175,3834,42384,52935,37833,28.0,43.6,12.2,1.27,1.59,1.14,0.12,632514,41858,58.0
Bihar,Supaul,26.28157893772896,86.78496465201461,208,2229076,1155283,1073793,1033283,1845,12111,51028,25078,39.37,47.76,30.36,0.54,2.29,1.13,0.08,572287,27815,46.0
Bihar,Vaishali,25.8134703180212,85.39247597173153,220,3495021,1844535,1650486,1926740,4810,47300,70001,39564,30.34,46.55,12.22,1.35,2.0,1.13,0.14,699317,51494,55.0
Chandigarh,Chandigarh,30.7426,76.75872465753424,55,1055450,580663,474787,805438,44283,168344,231204,78113,38.29,56.51,16.0,15.95,21.91,7.4,4.2,8911,289456,76.0
Chhattisgarh,Bastar,19.393866751269048,81.52895126903546,414,1413199,698487,714712,650863,1782,22075,157646,9042,51.41,57.89,45.08,1.56,11.16,0.64,0.13,316425,54894,46.0
Chhattisgarh,Bilaspur,22.356942982456143,81.99770350877188,30,381956,192764,189192,287620,1574,17262,79146,6281,53.9,57.87,49.86,4.52,20.72,1.64,0.41,152458,11987,75.0
Chhattisgarh,Bilaspur,22.356942982456143,81.99770350877188,406,2663629,1351574,1312055,1596560,8566,77727,519704,30892,45.17,52.94,37.17,2.92,19.51,1.16,0.32,549632,188174,60.0
Himachal Pradesh,Bilaspur,31.3780422907489,76.65316079295157,30,381956,192764,189192,287620,1574,17262,79146,6281,53.9,57.87,49.86,4.52,20.72,1.64,0.41,152458,11987,75.0
Himachal Pradesh,Bilaspur,31.3780422907489,76.65316079295157,406,2663629,1351574,1312055,1596560,8566,77727,519704,30892,45.17,52.94,37.17,2.92,19.51,1.16,0.32,549632,188174,60.0
Chhattisgarh,Dhamtari,20.554912627291245,81.7569195519348,412,799781,397897,401884,546833,1016,14568,148926,4804,50.38,56.89,43.92,1.82,18.62,0.6,0.13,168689,41792,68.0
Chhattisgarh,Durg,21.194463849287164,81.33181639511197,409,3343872,1682101,1661771,2303378,16141,129193,614109,51289,44.76,54.8,34.61,3.86,18.37,1.53,0.48,533448,349741,69.0
Chhattisgarh,Jashpur,22.77286167664669,83.8703962075848,402,851669,424747,426922,495415,567,6628,76783,5755,57.22,62.07,52.4,0.78,9.02,0.68,0.07,205670,20722,58.0
Chhattisgarh,Korba,22.491712499999995,82.57604326923074,404,1206640,612915,593725,748759,4544,43357,202380,18004,43.19,54.38,31.64,3.59,16.77,1.49,0.38,206598,126055,62.0
Chhattisgarh,Koriya,23.50412776859501,82.12515636363635,400,658917,334737,324180,397823,1667,25605,80023,7609,46.6,55.41,37.51,3.89,12.14,1.15,0.25,121852,59763,60.0
Chhattisgarh,Mahasamund,21.223727037773354,82.65925427435384,411,1032754,511967,520787,637963,961,13200,212487,5614,48.34,57.01,39.82,1.28,20.57,0.54,0.09,274793,35774,62.0
Chhattisgarh,Raigarh,22.008265068493166,83.27797698630134,403,1493984,750278,743706,951639,3342,27771,297308,13857,46.2,57.21,35.09,1.86,19.9,0.93,0.22,354278,66638,64.0
Chhattisgarh,Raigarh,22.008265068493166,83.27797698630134,520,2634200,1344345,1289855,1939994,38570,328277,547206,96301,40.73,56.08,24.74,12.46,20.77,3.66,1.46,581868,377160,74.0
Maharashtra,Raigarh,18.453257637845976,73.0090609418579,403,1493984,750278,743706,951639,3342,27771,297308,13857,46.2,57.21,35.09,1.86,19.9,0.93,0.22,354278,66638,64.0
Maharashtra,Raigarh,18.453257637845976,73.0090609418579,520,2634200,1344345,1289855,1939994,38570,328277,547206,96301,40.73,56.08,24.74,12.46,20.77,3.66,1.46,581868,377160,74.0
Chhattisgarh,Raipur,20.88603153846152,82.20032759615388,410,4063872,2048186,2015686,2629749,20261,166505,728556,59523,43.25,53.7,32.63,4.1,17.93,1.46,0.5,673499,395001,65.0
Chhattisgarh,Surguja,23.32719278728607,83.23582493887531,401,2359886,1193129,1166757,1187941,2737,29433,253131,18983,48.98,54.47,43.36,1.25,10.73,0.8,0.12,525596,65167,50.0
Daman and Diu,Daman,20.431616666666677,72.8392366071429,495,191173,124659,66514,150348,1316,25844,49249,4543,55.2,75.81,16.57,13.52,25.76,2.38,0.69,10006,61073,79.0
Daman and Diu,Junagadh,20.72568199498111,70.83985639899612,479,2743082,1404356,1338726,1842818,6628,144561,498326,26991,40.97,57.1,24.04,5.27,18.17,0.98,0.24,489237,287506,67.0
Gujarat,Junagadh,20.929523011609785,70.54733890140345,479,2743082,1404356,1338726,1842818,6628,144561,498326,26991,40.97,57.1,24.04,5.27,18.17,0.98,0.24,489237,287506,67.0
Goa,North Goa,15.548723418714054,73.80667997909038,585,818008,416677,401331,663060,23440,132612,173951,56266,40.06,57.39,22.06,16.21,21.27,6.88,2.87,115859,209230,81.0
Goa,South Goa,15.195278658183785,73.941792596877,586,640537,322463,318074,502427,17624,102191,138810,44299,38.97,55.95,21.75,15.95,21.67,6.92,2.75,88620,162873,78.0
Gujarat,Ahmadabad,22.605425564971743,72.23898135593227,474,7214225,3788051,3426174,5435760,126341,965017,1456046,273651,35.97,56.16,13.64,13.38,20.18,3.79,1.75,353169,1845383,75.0
Gujarat,Amreli,21.04832649310872,71.43457637825426,480,1514190,771049,743141,995459,2538,80378,273331,12765,43.4,58.83,27.38,5.31,18.05,0.84,0.17,313714,116899,66.0
Gujarat,Anand,22.282718206229863,72.57782051557454,482,2092745,1087224,1005521,1551253,9902,147122,378310,32523,40.37,57.72,21.6,7.03,18.08,1.55,0.47,413078,208909,74.0
Gujarat,Banas Kantha,24.258538965517253,71.93205252873561,469,3120506,1610379,1510127,1704923,3424,84832,396873,23149,40.01,51.93,27.3,2.72,12.72,0.74,0.11,666773,137424,55.0
Gujarat,Bharuch,21.75787276237761,72.67326346710801,488,1551019,805707,745312,1118276,10257,121542,309091,29531,40.43,58.2,21.23,7.84,19.93,1.9,0.66,300677,181319,72.0
Gujarat,Bhavnagar,21.70219390341736,72.16272632761141,481,2880365,1490201,1390164,1887255,7297,171327,500757,28925,39.95,56.29,22.43,5.95,17.39,1.0,0.25,387251,356826,66.0
Gujarat,Gandhinagar,23.193679790026252,72.67221679790026,473,1391753,723864,667889,1030494,12107,132683,262539,33662,38.44,56.37,19.0,9.53,18.86,2.42,0.87,237624,195634,74.0
Gujarat,Jamnagar,22.410600414263328,69.62062005768233,477,2160119,1114192,1045927,1396534,11573,142974,386538,30384,39.23,58.05,19.18,6.62,17.89,1.41,0.54,347158,299167,65.0
Gujarat,Kachchh,23.48057203301311,68.82192301497916,468,2092371,1096737,995634,1252319,9631,140067,403294,31961,37.1,56.96,15.22,6.69,19.27,1.53,0.46,488293,250982,60.0
Gujarat,Kheda,22.88765312500002,73.018803515625,483,2299885,1185727,1114158,1660243,5710,99982,372226,24502,40.61,56.89,23.28,4.35,16.18,1.07,0.25,461479,160547,72.0
Gujarat,Mahesana,23.529355452865065,72.45545194085031,471,2035064,1056520,978544,1502645,7759,180985,385609,33731,39.9,55.72,22.83,8.89,18.95,1.66,0.38,476005,183738,74.0
Gujarat,Narmada,21.70666386292833,73.68403208722742,487,590297,301086,289211,370336,576,12997,101940,4081,49.94,57.88,41.67,2.2,17.27,0.69,0.1,138121,22248,63.0
Gujarat,Navsari,20.866973318871995,72.86184869848157,490,1329672,678165,651507,1001909,6726,114620,267679,24397,44.51,60.14,28.23,8.62,20.13,1.83,0.51,267739,141417,75.0
Gujarat,Panch Mahals,22.80435606837605,73.61984598290586,484,2390776,1226961,1163815,1440805,3456,59096,398937,19753,45.91,54.9,36.43,2.47,16.69,0.83,0.14,463363,104238,60.0
Gujarat,Patan,23.80634198473284,71.75162977099237,470,1343734,694397,649337,837913,2231,66310,223424,12870,41.29,55.17,26.45,4.93,16.63,0.96,0.17,301483,102655,62.0
Gujarat,Porbandar,21.55092351651571,69.71896987722886,478,585449,300209,285240,393678,1653,41686,117040,5639,39.49,58.0,20.0,7.12,19.99,0.96,0.28,96015,87557,67.0
Gujarat,Rajkot,22.40603377715488,70.83679439383323,476,3804558,1974445,1830113,2725056,21785,362140,747352,67370,38.88,58.72,17.46,9.52,19.64,1.77,0.57,459474,721532,72.0
Gujarat,Sabar Kantha,23.71803594548552,73.13638790459964,472,2428589,1244231,1184358,1578734,5262,99037,438606,25425,44.67,54.77,34.06,4.08,18.06,1.05,0.22,544024,121509,65.0
Gujarat,Surat,21.25761372772093,72.93488716344339,492,6081322,3402224,2679098,4571410,55694,815423,1252452,149331,41.99,62.98,15.33,13.41,20.6,2.46,0.92,369840,1529998,75.0
Gujarat,Surendranagar,22.82672007299272,71.48358740875906,475,1756268,909917,846351,1093626,2975,77857,302068,15309,41.2,55.39,25.93,4.43,17.2,0.87,0.17,340788,159810,62.0
Gujarat,The Dangs,20.801633877551023,73.6883518367347,489,228291,113821,114470,140968,137,2029,29794,1393,51.8,53.88,49.73,0.89,13.05,0.61,0.06,52102,7516,62.0
Gujarat,Vadodara,22.26133739279589,73.49433010291594,486,4165626,2153736,2011890,2893080,53606,411734,798277,117818,40.65,57.26,22.87,9.88,19.16,2.83,1.29,547454,692971,69.0
Gujarat,Valsad,20.44238231644259,72.9148584798345,491,1705678,887222,818456,1170657,11020,137209,329218,31285,43.57,58.18,27.74,8.04,19.3,1.83,0.65,262410,235981,69.0
Haryana,Ambala,30.3503672316384,76.94970310734456,70,1128350,598703,529647,818025,12899,121622,199681,32767,32.98,53.47,9.82,10.78,17.7,2.9,1.14,175365,139891,72.0
Haryana,Bhiwani,28.728868064516128,76.02110225806452,81,1634445,866672,767773,1069871,5292,88938,266244,25236,38.12,49.69,25.05,5.44,16.29,1.54,0.32,357047,99235,65.0
Haryana,Faridabad,28.14873109756098,77.32718536585368,88,1809733,966110,843623,1272739,43437,258422,333171,82673,32.01,49.37,12.13,14.28,18.41,4.57,2.4,87700,382981,70.0
Haryana,Fatehabad,29.57298318584072,75.54608716814157,78,942011,495360,446651,557578,3210,51693,153301,13142,39.18,53.19,23.64,5.49,16.27,1.4,0.34,203020,55360,59.0
Haryana,Gurgaon,28.043894789579163,77.01935130260523,86,1514432,816690,697742,1111116,67087,238359,305751,102343,35.97,52.95,16.09,15.74,20.19,6.76,4.43,141703,381988,73.0
Haryana,Hisar,29.23628731117825,75.84324682779452,80,1743931,931562,812369,1114311,10132,110495,285004,33400,39.66,52.42,25.03,6.34,16.34,1.92,0.58,302013,154113,64.0
Haryana,Jhajjar,28.59651868131869,76.61137142857145,83,958405,514667,443738,676091,5034,70149,168558,19241,34.07,48.58,17.24,7.32,17.59,2.01,0.53,211816,78328,71.0
Haryana,Jind,29.45149821958457,76.29598575667653,77,1334152,713006,621146,832758,5263,78386,222462,23750,39.23,51.65,24.98,5.88,16.67,1.78,0.39,278335,89665,62.0
Haryana,Kaithal,29.96068539094649,76.37698930041155,73,1074304,571003,503301,646529,3724,62668,187349,15301,34.8,51.26,16.13,5.83,17.44,1.42,0.35,231091,75696,60.0
Haryana,Karnal,29.703200647249204,76.87488025889972,74,1505324,797712,707612,978013,11163,143133,267223,29253,34.28,51.6,14.76,9.51,17.75,1.94,0.74,292682,135920,65.0
Haryana,Kurukshetra,30.05652659846548,76.78774680306903,72,964655,510976,453679,646893,7356,90150,171908,21951,34.91,52.56,15.04,9.35,17.82,2.28,0.76,203553,88268,67.0
Haryana,Mahendragarh,28.1352161458333,76.14018072916659,84,922088,486665,435423,630255,2624,45359,135455,13908,36.72,47.86,24.26,4.92,14.69,1.51,0.28,223726,44216,68.0
Haryana,Panchkula,30.700897142857134,76.97173238095236,69,561293,299679,261614,405318,18615,69687,103455,32174,37.68,55.01,17.82,12.42,18.43,5.73,3.32,70895,93656,72.0
Haryana,Panipat,29.34352134146342,76.92895914634147,75,1205437,646857,558580,786599,10024,121846,209965,26719,34.2,50.81,14.98,10.11,17.42,2.22,0.83,173502,153804,65.0
Haryana,Rewari,28.19164714828897,76.55956007604564,85,900332,474335,425997,636947,5121,62667,152651,18092,37.51,49.61,24.04,6.96,16.95,2.01,0.57,199449,69305,71.0
Haryana,Rohtak,28.892517647058817,76.53123235294117,82,1061204,568479,492725,747582,8482,94633,193120,27225,32.6,47.96,14.88,8.92,18.2,2.57,0.8,175203,131739,70.0
Haryana,Sirsa,29.63583446327684,74.90970480225988,79,1295189,682582,612607,782897,6287,70538,215527,22706,38.76,54.13,21.64,5.45,16.64,1.75,0.49,245476,93316,60.0
Himachal Pradesh,Chamba,32.66741814595661,76.39354063116366,23,519080,261320,257760,323842,1615,21458,96082,5117,56.65,60.76,52.47,4.13,18.51,0.99,0.31,186395,13836,62.0
Himachal Pradesh,Hamirpur,31.67668481012659,76.49767088607594,28,454768,217070,237698,358091,2521,34978,104120,7525,53.2,54.69,51.83,7.69,22.9,1.65,0.55,196116,15232,79.0
Himachal Pradesh,Hamirpur,31.67668481012659,76.49767088607594,168,1104285,593537,510748,653299,1196,20175,55929,11037,40.18,51.98,26.46,1.83,5.06,1.0,0.11,256081,55300,59.0
Uttar Pradesh,Hamirpur,25.738158381502892,79.82619479768789,28,454768,217070,237698,358091,2521,34978,104120,7525,53.2,54.69,51.83,7.69,22.9,1.65,0.55,196116,15232,79.0
Uttar Pradesh,Hamirpur,25.738158381502892,79.82619479768789,168,1104285,593537,510748,653299,1196,20175,55929,11037,40.18,51.98,26.46,1.83,5.06,1.0,0.11,256081,55300,59.0
Himachal Pradesh,Kangra,32.14093603238864,76.41205910931173,24,1510075,750591,759484,1152640,8053,148361,330081,22753,44.71,53.79,35.74,9.82,21.86,1.51,0.53,588321,39007,76.0
Himachal Pradesh,Kinnaur,31.60667184065933,78.51613736263741,34,84121,46249,37872,60699,354,10740,17865,2563,66.9,73.22,59.17,12.77,21.24,3.05,0.42,44514,0,72.0
Himachal Pradesh,Kullu,31.90911922077925,77.40922649350647,26,437903,225452,212451,307672,2623,40064,91322,7010,61.45,66.01,56.6,9.15,20.85,1.6,0.6,167995,20709,70.0
Himachal Pradesh,Mandi,31.635805940594054,76.96556930693067,27,999777,498065,501712,723747,5333,59324,214491,16401,57.28,59.72,54.85,5.93,21.45,1.64,0.53,431129,31696,72.0
Himachal Pradesh,Shimla,31.155725451807253,77.62573042168668,33,814010,425039,388971,612642,9177,108888,172754,24127,52.94,60.85,44.3,13.38,21.22,2.96,1.13,279269,95896,75.0
Himachal Pradesh,Sirmaur,30.682764453961443,77.43184689507493,32,529855,276289,253566,362645,2220,28904,91509,8593,52.86,61.31,43.65,5.46,17.27,1.62,0.42,171102,21054,68.0
Himachal Pradesh,Solan,31.03864311926604,76.94442140672783,31,580320,308754,271566,428578,5250,53722,119866,14478,51.48,61.54,40.04,9.26,20.66,2.49,0.9,192787,51509,74.0
Himachal Pradesh,Una,31.58330388349513,76.18353932038836,29,521173,263692,257481,399715,2412,43809,105929,8238,41.32,53.7,28.64,8.41,20.33,1.58,0.46,185091,20126,77.0
Jammu and Kashmir,Doda,33.359614675767915,76.07163720136518,16,409936,213641,196295,219083,596,7963,61831,3077,37.06,47.34,25.86,1.94,15.08,0.75,0.15,122267,11350,53.0
Jammu and Kashmir,Jammu,32.713199095022645,74.8477520361991,21,1529958,813821,716137,1137135,19905,197168,294739,46657,33.24,51.3,12.73,12.89,19.26,3.05,1.3,254566,248043,74.0
Jammu and Kashmir,Kargil,33.565994894894914,76.63675315315312,4,140802,77785,63017,86236,235,3285,15824,1005,36.84,51.22,19.1,2.33,11.24,0.71,0.17,40370,7774,61.0
Jammu and Kashmir,Kathua,32.51781678321678,75.58901398601404,7,616435,326109,290326,389204,1443,32772,109422,6112,32.51,49.54,13.39,5.32,17.75,0.99,0.23,181374,33473,63.0
Jammu and Kashmir,Pulwama,33.88414418604652,75.00921860465118,12,560440,293064,267376,293958,1537,16828,73629,5293,33.62,47.23,18.7,3.0,13.14,0.94,0.27,147520,21703,52.0
Jammu and Kashmir,Punch,33.791241290322574,74.29593161290322,5,476835,251899,224936,261724,346,13160,62900,3342,33.85,46.72,19.43,2.76,13.19,0.7,0.07,132139,15269,55.0
Jammu and Kashmir,Srinagar,34.27312898550724,75.11021159420288,10,1236829,651124,585705,748584,16413,138119,165403,33831,32.92,51.17,12.64,11.17,13.37,2.74,1.33,4518,257721,61.0
Jammu and Kashmir,Udhampur,33.04770670731707,75.15286951219511,19,554985,296784,258201,322354,1214,20008,73999,5744,43.91,55.21,30.92,3.61,13.33,1.03,0.22,148664,34696,58.0
Jharkhand,Bokaro,23.6814965034965,85.98398374125864,355,2062330,1072807,989523,1273520,9754,67157,274726,37997,33.23,47.32,17.96,3.26,13.32,1.84,0.47,250312,258452,62.0
Jharkhand,Chatra,24.11619945750453,84.93295804701627,347,1042886,533935,508951,510061,590,5307,27037,9115,38.13,47.05,28.78,0.51,2.59,0.87,0.06,200974,14528,49.0
Jharkhand,Deoghar,24.33070100755672,86.75697632241814,350,1492073,775022,717051,793538,1944,26760,130193,13550,36.96,49.51,23.4,1.79,8.73,0.91,0.13,257373,64337,53.0
Jharkhand,Dhanbad,23.854509090909097,86.40372924901185,354,2684487,1405956,1278531,1722204,11568,83995,427173,46646,31.46,46.86,14.52,3.13,15.91,1.74,0.43,258764,405455,64.0
Jharkhand,Dumka,24.275006125574265,87.27662450229711,362,1321442,668514,652928,672409,1193,11836,62110,10396,47.28,54.91,39.46,0.9,4.7,0.79,0.09,303697,23281,51.0
Jharkhand,Garhwa,24.082114689265527,83.68664265536722,346,1322784,683575,639209,653476,565,6798,29373,8881,43.2,49.07,36.92,0.51,2.22,0.67,0.04,272872,19180,49.0
Jharkhand,Giridih,24.30578509874329,86.08710915619386,349,2445474,1258098,1187376,1253475,1944,16909,125431,19976,42.38,49.59,34.73,0.69,5.13,0.82,0.08,452564,46886,51.0
Jharkhand,Godda,24.8189,87.2941735483871,351,1313551,677927,635624,604519,874,7421,43230,11925,42.04,50.75,32.75,0.56,3.29,0.91,0.07,276454,15576,46.0
Jharkhand,Gumla,23.078532948929148,84.55056787479396,366,1025213,514390,510823,559720,831,9108,31687,7807,47.55,51.47,43.6,0.89,3.09,0.76,0.08,216629,16445,55.0
Jharkhand,Jamtara,23.97873318077801,86.95325080091534,363,791042,404830,386212,426312,808,5564,49419,4959,41.29,53.04,28.97,0.7,6.25,0.63,0.1,165555,20113,54.0
Jharkhand,Latehar,23.72511185840708,84.48298743362837,359,726978,369666,357312,350682,340,2177,38194,6240,43.11,48.72,37.3,0.3,5.25,0.86,0.05,146377,14137,48.0
Jharkhand,Lohardaga,23.488796043165483,84.6605169064748,356,461790,232629,229161,259707,351,8016,28769,2954,47.93,52.27,43.52,1.74,6.23,0.64,0.08,96759,14725,56.0
Jharkhand,Pakur,24.57260428082189,87.69691969178076,353,900422,452661,447761,352881,328,5316,31414,4535,44.93,51.7,38.09,0.59,3.49,0.5,0.04,200588,16587,39.0
Jharkhand,Palamu,24.196925968109337,84.20310842824594,358,1939869,1006302,933567,1024563,2155,17270,68238,19981,36.76,47.01,25.72,0.89,3.52,1.03,0.11,355529,52375,53.0
Jharkhand,Ranchi,23.184235061391547,85.31781937244203,364,2914253,1494937,1419316,1911433,22538,164237,350908,76565,39.22,49.77,28.11,5.64,12.04,2.63,0.77,420740,310242,66.0
Jharkhand,Sahibganj,24.93667989690721,87.68264097938142,352,1150567,589391,561176,483263,591,11545,34879,9563,42.61,50.17,34.66,1.0,3.03,0.83,0.05,223450,37543,42.0
Jharkhand,Simdega,22.608760391198054,84.59193691931536,367,599578,300309,299269,343483,423,3472,16865,4649,48.14,53.23,43.03,0.58,2.81,0.78,0.07,144169,11114,57.0
Karnataka,Bagalkot,16.15860676328503,75.64526070853468,556,1889752,950111,939641,1113412,3745,49345,301389,26297,43.29,53.84,32.62,2.61,15.95,1.39,0.2,324799,165858,59.0
Karnataka,Bangalore Rural,12.936827087794448,77.47369314775169,583,990923,509172,481751,688749,3729,77454,214253,17066,46.41,61.96,29.97,7.82,21.62,1.72,0.38,231052,95410,70.0
Karnataka,Belgaum,16.16107219152853,74.72329042357275,555,4779661,2423063,2356598,3052032,17560,240742,808827,73497,44.05,56.64,31.11,5.04,16.92,1.54,0.37,962777,356198,64.0
Karnataka,Bellary,15.074377548209377,76.47228471074374,565,2452595,1236954,1215641,1421621,9626,114040,440374,40190,45.54,56.85,34.03,4.65,17.96,1.64,0.39,371604,251876,58.0
Karnataka,Bidar,17.950361730769224,77.19459961538459,558,1703300,870665,832635,1042673,3971,34924,271439,36072,41.25,52.72,29.25,2.05,15.94,2.12,0.23,287134,102269,61.0
Karnataka,Bijapur,16.84015316666667,75.95909166666665,417,255230,128663,126567,86919,117,1022,12516,1462,52.71,55.64,49.72,0.4,4.9,0.57,0.05,50449,7942,34.0
Karnataka,Bijapur,16.84015316666667,75.95909166666665,557,2177331,1111022,1066309,1248268,4987,58890,326594,36571,42.61,52.21,32.6,2.7,15.0,1.68,0.23,396449,131041,57.0
Karnataka,Chikmagalur,13.425288289676422,75.67626502311249,570,1137961,566622,571339,818345,4510,74534,238505,18727,49.72,63.16,36.39,6.55,20.96,1.65,0.4,311660,80766,72.0
Karnataka,Chitradurga,14.29102220394736,76.57821957236843,566,1659456,840843,818613,1087392,5711,60522,307257,28897,51.62,61.05,41.93,3.65,18.52,1.74,0.34,349704,97644,66.0
Karnataka,Davanagere,14.330414586709884,75.91723841166937,567,1945497,986400,959097,1308540,7320,100812,372671,39416,44.99,59.37,30.19,5.18,19.16,2.03,0.38,354680,176011,67.0
Karnataka,Dharwad,15.343831376975173,75.13831264108359,562,1847023,937206,909817,1301664,15013,140584,347962,49585,42.49,58.02,26.5,7.61,18.84,2.68,0.81,199707,283397,70.0
Karnataka,Gadag,15.507128256880746,75.64861302752298,561,1064570,537147,527423,700177,3373,31959,198064,15625,46.57,57.79,35.13,3.0,18.61,1.47,0.32,180066,111906,66.0
Karnataka,Gulbarga,17.070459515951594,76.87503850385033,579,2566326,1301755,1264571,1427368,9752,77334,404767,52483,42.36,52.24,32.19,3.01,15.77,2.05,0.38,400704,199303,56.0
Karnataka,Hassan,12.945098749999998,76.11049549999997,574,1776421,883667,892754,1225256,4851,90599,400702,23444,50.87,63.42,38.43,5.1,22.56,1.32,0.27,496103,132878,69.0
Karnataka,Haveri,14.737582809224318,75.3961230607966,564,1597668,819128,778540,1085443,2456,41517,295937,17819,45.7,59.91,30.74,2.6,18.52,1.12,0.15,315076,98488,68.0
Karnataka,Kodagu,12.39684468085106,75.79336595744688,576,554519,274608,279911,412877,3308,40958,113931,10758,50.3,62.67,38.17,7.39,20.55,1.94,0.6,181182,31792,74.0
Karnataka,Kolar,13.312799881235172,78.01376947743476,581,1536401,776396,760005,1016219,5051,72407,309494,27235,46.72,58.48,34.71,4.71,20.14,1.77,0.33,326567,151042,66.0
Karnataka,Koppal,15.651253271028034,76.1617048598131,560,1389920,699926,689994,809085,2135,31673,223166,15263,47.11,55.43,38.67,2.28,16.06,1.1,0.15,272968,64681,58.0
Karnataka,Mandya,12.574901806239744,76.81570098522172,573,1805769,905085,900684,1149649,3367,80452,391033,20265,48.26,63.55,32.89,4.46,21.65,1.12,0.19,458867,103435,64.0
Karnataka,Mysore,12.248100259403367,76.52881802853437,577,3001127,1511600,1489527,1962180,28397,273706,640868,80086,43.79,60.98,26.35,9.12,21.35,2.67,0.95,540596,380386,65.0
Karnataka,Raichur,16.050795353982295,76.87368606194688,559,1928812,964511,964301,979769,5200,51443,314547,33903,46.84,54.99,38.69,2.67,16.31,1.76,0.27,330446,125402,51.0
Karnataka,Shimoga,14.063845885634592,75.17882078103197,568,1752753,877415,875338,1263016,8791,128087,363835,35207,44.54,60.92,28.12,7.31,20.76,2.01,0.5,352444,201662,72.0
Karnataka,Tumkur,13.592467760074973,77.02297966260545,571,2678980,1350594,1328386,1813391,7971,116539,562769,41751,50.57,62.01,38.93,4.35,21.01,1.56,0.3,685443,204799,68.0
Karnataka,Udupi,13.450404228534568,74.72009990316337,569,1177361,562131,615230,926429,9070,83810,224814,24817,43.59,59.67,28.91,7.12,19.09,2.11,0.77,269817,115572,79.0
Kerala,Alappuzha,9.542602965599087,76.38010796263319,598,2127789,1013142,1114647,1852797,28842,274392,507913,71593,37.81,52.98,24.02,12.9,23.87,3.36,1.36,331419,392117,87.0
Kerala,Ernakulam,10.004879301987431,76.26957729035381,595,3282388,1619557,1662831,2855676,88737,499291,771287,184167,38.06,56.39,20.21,15.21,23.5,5.61,2.7,369694,804997,87.0
Kerala,Idukki,9.80480963855423,77.04586641566264,596,1108974,552808,556166,923010,8250,54626,244844,24863,46.56,60.0,33.2,4.93,22.08,2.24,0.74,391610,20823,83.0
Kerala,Kannur,11.941523076923056,75.35209891725934,589,2523003,1181446,1341557,2138434,32653,115356,511167,83940,32.66,51.58,16.01,4.57,20.26,3.33,1.29,306288,566191,85.0
Kerala,Kasaragod,12.33310309912974,75.07768497134369,588,1307375,628613,678762,1037492,10378,74092,237670,32484,35.41,51.72,20.32,5.67,18.18,2.48,0.79,251641,166164,79.0
Kerala,Kollam,8.929388820570157,76.6360775852431,600,2635375,1246968,1388407,2240273,31542,263148,630767,83133,34.61,51.67,19.28,9.99,23.93,3.15,1.2,523715,401415,85.0
Kerala,Kottayam,9.643701174068417,76.46059673302705,597,1974551,968289,1006262,1749798,37849,187213,464039,83999,37.26,54.77,20.41,9.48,23.5,4.25,1.92,481967,196194,89.0
Kerala,Kozhikode,11.392924270557026,75.71158720159153,591,3086293,1470942,1615351,2615443,36791,145558,641660,107602,30.75,51.15,12.17,4.72,20.79,3.49,1.19,323793,666543,85.0
Kerala,Malappuram,10.97329875666072,75.93910775606876,592,4112920,1960328,2152592,3311315,27909,139994,730119,119918,25.83,45.82,7.63,3.4,17.75,2.92,0.68,634543,522586,81.0
Kerala,Palakkad,10.784926903553291,76.49980490693744,593,2809934,1359478,1450456,2239492,27162,178386,587583,69440,37.09,54.88,20.42,6.35,20.91,2.47,0.97,665899,228442,80.0
Kerala,Thiruvananthapuram,8.537101759082221,76.88711502868073,601,3301427,1581678,1719749,2785408,71621,343590,783872,155321,37.31,54.63,21.37,10.41,23.74,4.7,2.17,559293,609824,84.0
Kerala,Thrissur,10.458932647907687,76.12321940836945,594,3121200,1480763,1640437,2678548,56148,338350,721625,132774,35.11,53.32,18.67,10.84,23.12,4.25,1.8,336748,715119,86.0
Kerala,Wayanad,11.715277464788736,76.07587007042254,590,817420,401684,415736,645585,4712,23028,149864,15944,41.6,56.92,26.8,2.82,18.33,1.95,0.58,266183,11805,79.0
Madhya Pradesh,Anuppur,23.18184220430107,81.86560000000007,461,749237,379114,370123,436595,1290,23388,81338,7266,46.24,54.71,37.57,3.12,10.86,0.97,0.17,147388,60325,58.0
Madhya Pradesh,Ashoknagar,24.63098846153845,77.82974493927134,459,845071,443837,401234,469109,619,15886,84720,6016,37.31,52.23,20.8,1.88,10.03,0.71,0.07,169606,37135,56.0
Madhya Pradesh,Balaghat,21.80020720640569,80.42170053380796,457,1701698,842178,859520,1147623,1712,27283,277927,13306,52.48,58.02,47.05,1.6,16.33,0.78,0.1,400074,70793,67.0
Madhya Pradesh,Barwani,21.702135714285724,74.91004719710673,441,1385881,699340,686541,549926,1158,30115,181139,8516,47.18,52.32,41.94,2.17,13.07,0.61,0.08,250358,48912,40.0
Madhya Pradesh,Betul,21.964626315789477,77.7873428189117,447,1575362,799236,776126,939769,2109,45270,230974,13755,49.96,56.79,42.92,2.87,14.66,0.87,0.13,318945,87704,60.0
Madhya Pradesh,Bhind,26.35951126187245,78.7618324287653,420,1703005,926843,776162,1094917,1166,32268,107819,14368,30.58,49.17,8.37,1.89,6.33,0.84,0.07,271211,88385,64.0
Madhya Pradesh,Bhopal,23.480726143790854,77.39246623093679,444,2371061,1236130,1134931,1660690,40788,281442,452912,94729,36.59,52.18,19.6,11.87,19.1,4.0,1.72,118893,581826,70.0
Madhya Pradesh,Burhanpur,21.364567254408065,76.24460478589425,467,757847,388504,369343,408679,986,40478,112420,5058,43.33,54.55,31.52,5.34,14.83,0.67,0.13,115979,62861,54.0
Madhya Pradesh,Chhatarpur,24.813637376460004,79.56449299191374,425,1762375,936121,826254,943033,1880,36506,176056,15567,42.66,51.44,32.71,2.07,9.99,0.88,0.11,375869,95048,54.0
Madhya Pradesh,Chhindwara,22.227966971713823,78.76413136439254,455,2090922,1064468,1026454,1294198,3588,73284,344875,20034,45.82,54.7,36.6,3.5,16.49,0.96,0.17,413142,140802,62.0
Madhya Pradesh,Damoh,23.76624407960196,79.47049303482588,428,1264219,661873,602346,747715,1432,23270,187731,10504,45.45,55.56,34.35,1.84,14.85,0.83,0.11,303387,66514,59.0
Madhya Pradesh,Datia,25.90226439560441,78.63916571428574,422,786754,420157,366597,491445,616,17555,97696,5251,40.82,53.71,26.05,2.23,12.42,0.67,0.08,160453,43401,62.0
Madhya Pradesh,Dewas,22.7851110021322,76.46088805970157,437,1563715,805359,758356,925369,3518,59521,270457,16523,47.49,56.06,38.4,3.81,17.3,1.06,0.22,274995,101014,59.0
Madhya Pradesh,Dhar,22.572681718963157,75.1105620736698,438,2185793,1112725,1073068,1077338,2388,75637,349639,18626,47.03,53.66,40.16,3.46,16.0,0.85,0.11,412348,103364,49.0
Madhya Pradesh,Dindori,22.83738437047757,81.04332966714911,453,704524,351913,352611,378714,554,4576,62372,6447,55.35,57.79,52.9,0.65,8.85,0.92,0.08,218021,9774,54.0
Madhya Pradesh,Guna,24.49043927178156,77.2235895968791,458,1241519,649362,592157,653980,2482,34184,144248,11740,41.47,51.66,30.3,2.75,11.62,0.95,0.2,212765,72320,53.0
Madhya Pradesh,Gwalior,26.04074441964285,78.12782433035713,421,2032036,1090327,941709,1357210,15779,165061,306859,46454,33.73,50.34,14.49,8.12,15.1,2.29,0.78,172720,272172,67.0
Madhya Pradesh,Harda,22.227659781121783,77.07022571819435,448,570465,294838,275627,352550,986,22174,95066,5376,40.49,53.2,26.89,3.89,16.66,0.94,0.17,112714,31845,62.0
Madhya Pradesh,Hoshangabad,22.595268801996703,78.02168094841929,449,1241350,648725,592625,810644,2871,61415,198076,14456,38.51,53.25,22.38,4.95,15.96,1.16,0.23,209650,105746,65.0
Madhya Pradesh,Indore,22.680265752128648,75.9133801324502,439,3276697,1699627,1577070,2309130,48691,417170,593576,111478,38.7,55.25,20.87,12.73,18.12,3.4,1.49,200371,587947,70.0
Madhya Pradesh,Jabalpur,23.18525572327043,79.98328754716981,451,2463289,1277278,1186011,1756468,20443,192581,452023,58601,40.82,55.27,25.27,7.82,18.35,2.38,0.83,272284,352477,71.0
Madhya Pradesh,Jhabua,22.419578015397768,74.40921616766468,464,1025048,515023,510025,352081,744,16683,125411,5591,50.25,51.55,48.95,1.63,12.23,0.55,0.07,211080,24713,34.0
Madhya Pradesh,Katni,23.724416229116937,80.33819665871127,450,1292042,662013,630029,790773,2179,38086,172416,13094,42.09,52.63,31.02,2.95,13.34,1.01,0.17,276151,72880,61.0
Madhya Pradesh,Mandla,22.70348712446353,80.38600543633753,454,1054905,525272,529633,604962,912,18413,143803,9042,53.05,57.16,48.98,1.75,13.63,0.86,0.09,279674,37258,57.0
Madhya Pradesh,Mandsaur,24.19278764044944,75.43588667736759,433,1340411,682851,657560,834591,2324,47723,239885,12507,50.71,58.24,42.89,3.56,17.9,0.93,0.17,302287,81832,62.0
Madhya Pradesh,Morena,26.37313504531724,77.88447341389724,419,1965970,1068417,897553,1179685,1781,45113,131486,20172,34.38,49.17,16.79,2.29,6.69,1.03,0.09,319298,95288,60.0
Madhya Pradesh,Neemuch,24.70311893333336,75.06608186666664,432,826067,422653,403414,508834,1945,34666,145258,8342,50.68,58.13,42.88,4.2,17.58,1.01,0.24,174235,67962,62.0
Madhya Pradesh,Panna,24.451325840092657,80.21133001158752,426,1016520,533480,483040,552559,653,13285,76097,8501,42.5,51.62,32.42,1.31,7.49,0.84,0.06,256744,32179,54.0
Madhya Pradesh,Raisen,23.292518206521724,78.16305495923909,446,1331597,700358,631239,820220,1141,34499,194373,9931,38.89,52.88,23.36,2.59,14.6,0.75,0.09,251272,74441,62.0
Madhya Pradesh,Rajgarh,23.785499026425583,76.66431223922116,442,1545814,790212,755602,804245,1611,30688,231130,12718,48.23,54.39,41.8,1.99,14.95,0.82,0.1,331894,69823,52.0
Madhya Pradesh,Ratlam,23.503562290502792,75.14895782122909,434,1455069,738241,716828,825880,3644,67830,213825,14905,47.49,55.73,39.0,4.66,14.7,1.02,0.25,266716,107151,57.0
Madhya Pradesh,Rewa,24.861184625158856,81.57572465057183,430,2365106,1225100,1140006,1441757,3406,45180,251132,31194,41.94,50.38,32.87,1.91,10.62,1.32,0.14,523910,94489,61.0
Madhya Pradesh,Sagar,23.800318709677374,78.71940357771273,427,2378458,1256257,1122201,1545719,4546,68482,366494,24811,42.3,54.29,28.87,2.88,15.41,1.04,0.19,448408,165507,65.0
Madhya Pradesh,Satna,24.62777621776502,80.75547048710598,429,2228935,1157495,1071440,1371781,3754,55196,294702,22751,40.89,51.01,29.95,2.48,13.22,1.02,0.17,461831,114173,62.0
Madhya Pradesh,Sehore,22.9297199679658,77.06780202883085,445,1311332,683743,627589,780362,1566,30868,212138,11166,44.69,53.32,35.3,2.35,16.18,0.85,0.12,270427,59220,60.0
Madhya Pradesh,Seoni,22.33230487804874,79.66053863928111,456,1379131,695879,683252,864194,1182,26893,228695,10417,49.63,56.71,42.41,1.95,16.58,0.76,0.09,335045,47542,63.0
Madhya Pradesh,Shahdol,23.44859864559819,81.4596831828442,460,1066063,540021,526042,604194,1733,24255,113184,10817,46.25,54.15,38.14,2.28,10.62,1.01,0.16,233594,57846,57.0
Madhya Pradesh,Shajapur,23.566620317220547,76.33555181268885,436,1512681,780520,732161,894612,1382,32204,232735,10797,47.46,55.33,39.06,2.13,15.39,0.71,0.09,312611,73997,59.0
Madhya Pradesh,Sheopur,25.78014810996563,77.16911116838484,418,687861,361784,326077,328025,273,11701,74770,5393,40.34,50.8,28.73,1.7,10.87,0.78,0.04,150146,26376,48.0
Madhya Pradesh,Shivpuri,25.37802451874367,77.74861600810549,423,1726050,919795,806255,900846,1852,35706,148128,15304,43.99,52.29,34.52,2.07,8.58,0.89,0.11,367859,66759,52.0
Madhya Pradesh,Sidhi,24.17547189952905,82.1053783359498,462,1127033,575912,551121,600785,837,9569,102228,10790,40.97,49.36,32.2,0.85,9.07,0.96,0.07,250953,25916,53.0
Madhya Pradesh,Tikamgarh,25.14099852104666,78.89357064846428,424,1445166,760355,684811,747940,1090,21489,132725,10899,45.35,52.97,36.88,1.49,9.18,0.75,0.08,322772,60220,52.0
Madhya Pradesh,Ujjain,23.319288862745065,75.80383717647058,435,1986864,1016289,970575,1240990,7501,123526,323379,27733,45.17,56.03,33.8,6.22,16.28,1.4,0.38,300765,188684,62.0
Madhya Pradesh,Umaria,23.59601063063061,80.90879477477475,431,644758,330674,314084,356672,839,12713,67975,6360,44.93,53.13,36.29,1.97,10.54,0.99,0.13,138100,29966,55.0
Madhya Pradesh,Vidisha,23.82838307984792,77.9013507604563,443,1458875,769568,689307,862918,1926,41617,181510,12888,37.73,52.18,21.59,2.85,12.44,0.88,0.13,292579,83830,59.0
Maharashtra,Akola,20.746310479041902,77.12122320359276,501,1813906,932334,881572,1411281,6163,107463,314490,24232,42.35,55.81,28.11,5.92,17.34,1.34,0.34,308158,196077,78.0
Maharashtra,Amravati,21.16520991810736,77.67583503184723,503,2888445,1480768,1407677,2251875,9438,175917,512492,36185,42.8,56.56,28.33,6.09,17.74,1.25,0.33,508921,272894,78.0
Maharashtra,Bhandara,21.211792649727748,80.10950199637024,506,1200334,605520,594814,899860,2932,55948,227025,13165,49.76,56.98,42.41,4.66,18.91,1.1,0.24,283843,72575,75.0
Maharashtra,Bid,18.952353340080982,75.69319706477731,523,2585049,1349106,1235943,1718507,5614,82098,402052,29198,48.57,53.95,42.7,3.18,15.55,1.13,0.22,563114,135457,66.0
Maharashtra,Buldana,20.56680611183355,76.39017880364096,500,2586258,1337560,1248698,1879874,4767,103898,423036,24877,47.16,54.88,38.89,4.02,16.36,0.96,0.18,575405,152787,73.0
Maharashtra,Chandrapur,20.095609090909075,79.31556380471388,509,2204307,1123834,1080473,1578615,8239,172661,418666,31419,48.0,57.71,37.91,7.83,18.99,1.43,0.37,451324,233331,72.0
Maharashtra,Dhule,21.274018690400517,74.58719071837263,498,2050862,1054031,996831,1293916,6065,126138,315332,27139,45.66,54.12,36.71,6.15,15.38,1.32,0.3,382777,146013,63.0
Maharashtra,Gondiya,21.225008411214997,80.17522698598128,507,1322507,661554,660953,1004243,2866,38044,239981,13595,50.31,57.92,42.71,2.88,18.15,1.03,0.22,319702,66813,76.0
Maharashtra,Hingoli,19.59525302245251,77.09239412780653,512,1177345,606294,571051,790743,1221,27700,159114,9676,48.34,54.58,41.73,2.35,13.51,0.82,0.1,242456,41913,67.0
Maharashtra,Jalgaon,20.8828943415638,75.55140421810695,499,4229917,2197365,2032552,2891882,14297,350029,720791,56775,44.06,54.0,33.31,8.28,17.04,1.34,0.34,796223,373565,68.0
Maharashtra,Jalna,19.984612534818933,75.98473607242339,514,1959046,1011473,947573,1195523,3791,60219,288895,17236,47.52,53.88,40.72,3.07,14.75,0.88,0.19,404746,98084,61.0
Maharashtra,Kolhapur,16.44881301587301,74.12897150793648,530,3876001,1980658,1895343,2825845,22269,340318,770005,71879,43.96,56.81,30.54,8.78,19.87,1.85,0.57,796496,382818,73.0
Maharashtra,Latur,18.348687268993856,76.75812607802874,524,2454196,1273140,1181056,1650672,6217,96018,381722,29758,42.66,52.63,31.91,3.91,15.55,1.21,0.25,428616,157016,67.0
Maharashtra,Nagpur,21.196556862745105,79.02166176470584,505,4653570,2384975,2268595,3673808,57964,599780,917626,135750,40.15,55.94,23.55,12.89,19.72,2.92,1.25,430844,877522,79.0
Maharashtra,Nanded,19.209316983017,77.6829048951049,511,3361292,1730075,1631217,2189425,7548,116284,488748,43055,44.45,53.48,34.86,3.46,14.54,1.28,0.22,591119,230563,65.0
Maharashtra,Nandurbar,21.523175625248147,74.32638757443429,497,1648295,833170,815125,906509,2579,54335,186202,17047,48.05,53.16,42.84,3.3,11.3,1.03,0.16,333440,71572,55.0
Maharashtra,Nashik,20.266912871287143,74.03824168316828,516,6107187,3157186,2950001,4345366,45039,536781,904710,138887,45.25,55.31,34.48,8.79,14.81,2.27,0.74,904661,764271,71.0
Maharashtra,Osmanabad,18.19459456066944,75.99495575313809,525,1657576,861535,796041,1137810,3209,49180,240042,18183,46.69,54.99,37.7,2.97,14.48,1.1,0.19,367158,77832,69.0
Maharashtra,Parbhani,19.31032425249168,76.70163338870431,513,1836086,942870,893216,1157814,3982,59272,272486,21196,44.81,53.18,35.98,3.23,14.84,1.15,0.22,293480,133759,63.0
Maharashtra,Pune,18.51696171428573,74.12922881632647,521,9429408,4924105,4505303,7171723,235018,1410448,1925019,490260,42.94,57.06,27.5,14.96,20.42,5.2,2.49,1165718,2056739,76.0
Maharashtra,Ratnagiri,17.210195070127703,73.25725893866404,528,1615069,761121,853948,1199392,7752,100860,367352,31062,44.21,53.47,35.96,6.24,22.75,1.92,0.48,538538,100824,74.0
Maharashtra,Sangli,17.154930181086502,74.70713822937628,531,2822143,1435728,1386415,2049467,13212,227034,485126,49056,43.06,55.74,29.93,8.04,17.19,1.74,0.47,626872,226801,73.0
Maharashtra,Satara,17.6737908974359,74.18052064102558,527,3003741,1510842,1492899,2225694,14093,271186,562653,57423,45.11,55.92,34.17,9.03,18.73,1.91,0.47,774522,200949,74.0
Maharashtra,Sindhudurg,16.170948049777163,73.51329008172343,529,849651,417332,432319,666067,3517,42540,194228,15721,40.86,55.03,27.18,5.01,22.86,1.85,0.41,295847,44989,78.0
Maharashtra,Solapur,17.837357937584812,75.42394823609216,526,4317756,2227852,2089904,2910676,15145,248255,595560,59296,43.97,54.17,33.09,5.75,13.79,1.37,0.35,779929,376302,67.0
Maharashtra,Thane,19.698767747440264,72.79882742564581,517,11060148,5865078,5195070,8227161,256170,1610460,2231800,551643,40.62,57.34,21.74,14.56,20.18,4.99,2.32,713994,2904157,74.0
Maharashtra,Wardha,20.80743024390242,78.57259105691062,504,1300774,668385,632389,1019458,4313,114029,266155,16260,46.76,58.7,34.14,8.77,20.46,1.25,0.33,268486,120218,78.0
Maharashtra,Washim,20.282282394366213,77.25502394366208,502,1197160,620302,576858,869917,1875,36840,196022,10757,47.6,54.87,39.77,3.08,16.37,0.9,0.16,274925,55921,73.0
Maharashtra,Yavatmal,20.04258346738159,78.05326371760479,510,2772348,1419965,1352383,2022574,6094,134500,446516,29917,48.91,57.43,39.97,4.85,16.11,1.08,0.22,629243,168889,73.0
Manipur,Bishnupur,24.50712111801243,93.8246236024845,275,237399,118782,118617,156333,676,11393,34364,3447,46.31,52.88,39.73,4.8,14.48,1.45,0.28,34977,21172,66.0
Manipur,Chandel,24.2635812987013,94.09443844155844,280,144182,74579,69603,90302,184,1424,18764,1782,52.88,57.14,48.31,0.99,13.01,1.24,0.13,30377,3783,63.0
Manipur,Churachandpur,24.30309718875504,93.38671506024085,274,274143,138820,135323,195935,837,13371,29894,4496,44.74,50.85,38.47,4.88,10.9,1.64,0.31,52972,4853,71.0
Manipur,Senapati,25.08465586034914,94.03366234413956,272,479148,247323,231825,264477,256,2430,22798,2170,48.76,50.19,47.22,0.51,4.76,0.45,0.05,38008,1826,55.0
Manipur,Tamenglong,24.98312942238265,93.49450740072204,273,140651,72371,68280,85006,125,1229,11541,1362,50.25,51.45,48.97,0.87,8.21,0.97,0.09,23982,4119,60.0
Manipur,Thoubal,24.545392553191498,93.97959893617023,276,422168,210845,211323,269304,880,15994,49507,5110,46.27,51.88,40.67,3.79,11.73,1.21,0.21,65961,38302,64.0
Manipur,Ukhrul,25.05900314960629,94.44129566929138,279,183998,94718,89280,129829,276,1659,14026,2437,47.79,49.13,46.37,0.9,7.62,1.32,0.15,36084,5806,71.0
Meghalaya,East Garo Hills,25.82728228228228,90.64684924924916,294,317917,161223,156694,192147,288,1839,24550,2368,39.66,44.82,34.34,0.58,7.72,0.74,0.09,62698,11518,60.0
Meghalaya,East Khasi Hills,25.303763888888884,91.75922519841272,298,825922,410749,415173,578030,5032,41496,135941,19306,39.57,49.74,29.5,5.02,16.46,2.34,0.61,106248,108843,70.0
Meghalaya,Jaintia Hills,25.33959557069844,92.37608160136298,299,395124,196285,198839,187527,510,7150,41677,4333,39.02,45.26,32.86,1.81,10.55,1.1,0.13,76546,7171,47.0
Meghalaya,South Garo Hills,25.240568578553614,90.64560349127176,295,142334,73170,69164,82062,179,482,10940,1625,37.28,44.86,29.27,0.34,7.69,1.14,0.13,35930,3713,58.0
Meghalaya,West Garo Hills,25.495285185185185,90.03709947089942,293,643291,324159,319132,358702,1630,10006,51301,8872,39.75,46.86,32.52,1.56,7.97,1.38,0.25,139351,18594,56.0
Meghalaya,West Khasi Hills,25.500889926739926,91.25364542124538,296,383461,193715,189746,230678,149,476,32873,2462,42.6,46.3,38.82,0.12,8.57,0.64,0.04,74832,12299,60.0
Mizoram,Aizawl,23.90781335453101,92.85359459459472,283,400309,199270,201039,340595,4019,64710,79804,21093,43.63,52.51,34.82,16.17,19.94,5.27,1.0,20570,80341,85.0
Mizoram,Champhai,23.54166580976866,93.24221799485862,284,125745,63388,62357,100802,186,9115,23948,2263,47.99,53.84,42.04,7.25,19.04,1.8,0.15,18395,12717,80.0
Mizoram,Kolasib,24.2020004347826,92.73470391304348,282,83955,42918,41037,65895,367,8787,14853,1986,43.68,52.97,33.97,10.47,17.69,2.37,0.44,9669,12507,78.0
Mizoram,Lawngtlai,22.36102843137253,92.66964156862753,287,117894,60599,57295,62861,162,5213,9283,1329,38.65,47.06,29.76,4.42,7.87,1.13,0.14,21993,5273,53.0
Mizoram,Lunglei,23.007717036172675,92.63512555425892,286,161428,82891,78537,121122,482,14037,26394,3725,48.5,55.77,40.82,8.7,16.35,2.31,0.3,21479,17315,75.0
Mizoram,Mamit,23.73852942502819,92.4330803833147,281,86364,44828,41536,60191,90,4010,12158,1073,45.55,53.57,36.89,4.64,14.08,1.24,0.1,16726,4129,70.0
Mizoram,Saiha,22.35744801061008,93.02827931034489,288,56574,28594,27980,42233,168,4783,7400,1194,34.4,42.7,25.91,8.45,13.08,2.11,0.3,7043,5784,75.0
Mizoram,Serchhip,23.263864705882344,92.914158496732,285,64937,32851,32086,54476,131,5511,12315,987,49.89,55.59,44.06,8.49,18.96,1.52,0.2,7472,8018,84.0
Nagaland,Dimapur,25.814176811594223,93.75074057971014,265,378811,197394,181417,278037,3303,42378,71413,12077,39.95,50.48,28.5,11.19,18.85,3.19,0.87,49116,62853,73.0
Nagaland,Kohima,25.60311428571428,93.78600657596373,270,267988,138966,129022,197489,1928,20712,50724,7982,42.85,49.03,36.18,7.73,18.93,2.98,0.72,31845,44255,74.0
Nagaland,Mokokchung,26.478911764705888,94.522426006192,262,194622,101092,93530,159494,537,7236,40154,2728,51.42,56.47,45.96,3.72,20.63,1.4,0.28,37536,17742,82.0
Nagaland,Mon,26.69207374301676,95.03072988826828,261,250260,131753,118507,119626,178,1080,14398,2844,59.0,60.28,57.57,0.43,5.75,1.14,0.07,43607,7415,48.0
Nagaland,Phek,25.63272986577182,94.56814563758392,266,163418,83743,79675,105893,170,2073,36182,1558,49.12,49.62,48.6,1.27,22.14,0.95,0.1,38903,7295,65.0
Nagaland,Tuensang,26.21104453280316,94.85809880715708,267,196596,101933,94663,117511,155,773,24998,2251,49.93,51.93,47.77,0.39,12.72,1.14,0.08,40690,9451,60.0
Nagaland,Wokha,26.202611551155112,94.1990815181518,264,166343,84505,81838,128208,198,3228,25268,1757,47.14,49.81,44.38,1.94,15.19,1.06,0.12,38499,8170,77.0
Nagaland,Zunheboto,26.028178205128206,94.50026666666668,263,140757,71217,69540,102881,261,1433,28846,2008,56.46,57.82,55.06,1.02,20.49,1.43,0.19,31267,6044,73.0
Orissa,Baleshwar,21.48570932311624,87.08085828011933,377,2320529,1185787,1134742,1621232,7370,36478,296834,28289,40.19,57.68,21.92,1.57,12.79,1.22,0.32,601154,82440,70.0
Orissa,Bhadrak,20.95262735257214,86.81496204516931,378,1506337,760260,746077,1094140,2637,15864,164636,15609,31.11,53.87,7.91,1.05,10.93,1.04,0.18,373862,54244,73.0
Orissa,Cuttack,20.407640646029623,85.7776810228802,381,2624470,1352760,1271710,2011469,15046,103177,349587,40589,35.68,56.32,13.72,3.93,13.32,1.55,0.57,579529,210768,77.0
Orissa,Dhenkanal,20.79887159353349,85.53226836027711,383,1192811,612593,580218,829910,1810,19846,117172,10600,36.51,55.59,16.37,1.66,9.82,0.89,0.15,315390,36979,70.0
Orissa,Gajapati,19.121080882352945,84.14015091911759,389,577817,282882,294935,262537,635,12035,63112,5523,50.87,55.11,46.8,2.08,10.92,0.96,0.11,152095,23050,45.0
Orissa,Ganjam,19.2632617564534,84.80297710437702,388,3529031,1779218,1749813,2210050,9049,120191,405298,41059,42.55,55.64,29.25,3.41,11.48,1.16,0.26,795476,219918,63.0
Orissa,Jharsuguda,21.827058566978184,83.93581682242987,371,579505,296690,282815,405879,2498,18950,81433,7555,42.74,57.98,26.76,3.27,14.05,1.3,0.43,103224,73962,70.0
Orissa,Kalahandi,19.784253092783523,83.1124043814433,395,1576869,787101,789768,802036,1953,17610,91171,12622,47.69,56.83,38.57,1.12,5.78,0.8,0.12,456336,38412,51.0
Orissa,Kandhamal,20.092878624813142,84.02216352765326,390,733110,359945,373165,399786,768,6938,28736,6609,48.47,53.76,43.37,0.95,3.92,0.9,0.1,218446,24489,55.0
Orissa,Kendrapara,20.606319815982264,86.83763247572003,379,1440361,717814,722547,1089265,1628,15879,173107,11836,32.41,53.83,11.14,1.1,12.02,0.82,0.11,414749,23494,76.0
Orissa,Khordha,20.054162322274863,85.52234834123229,386,2251673,1167137,1084536,1749936,35701,160277,349860,75588,35.18,55.34,13.49,7.12,15.54,3.36,1.59,331834,356895,78.0
Orissa,Koraput,18.82627794779476,82.81278469846964,398,1379647,678809,700838,568090,3988,39631,85766,17294,50.26,56.58,44.14,2.87,6.22,1.25,0.29,381789,78339,41.0
Orissa,Malkangiri,18.25227930367506,81.98293636363628,399,613192,303624,309568,244706,448,4738,24604,3908,50.66,56.15,45.28,0.77,4.01,0.64,0.07,167884,15839,40.0
Orissa,Mayurbhanj,21.897621545157754,86.4030408052231,376,2519738,1256213,1263525,1369397,2950,29031,140189,17999,48.56,55.55,41.61,1.15,5.56,0.71,0.12,689110,64479,54.0
Orissa,Nayagarh,20.192895622119817,85.05614700460825,385,962789,502636,460153,688362,1163,11159,124984,8278,35.69,56.62,12.83,1.16,12.98,0.86,0.12,261646,26688,71.0
Orissa,Nuapada,20.471309512195116,82.59152536585364,394,610382,301962,308420,299383,757,6414,43976,4221,50.04,55.69,44.51,1.05,7.2,0.69,0.12,197258,11869,49.0
Orissa,Puri,19.83509174603177,85.86698989898981,387,1698730,865380,833350,1291939,3416,33331,201605,16006,36.6,57.6,14.79,1.96,11.87,0.94,0.2,402014,72210,76.0
Orissa,Rayagada,19.292840020060204,83.45860120361095,396,967911,471960,495951,407735,1553,24924,61543,9166,48.26,54.67,42.16,2.58,6.36,0.95,0.16,237343,49205,42.0
Orissa,Sambalpur,21.515752380952385,84.34958483245157,372,1041099,526877,514222,703691,5231,33612,126498,14521,48.59,59.44,37.47,3.23,12.15,1.39,0.5,220697,94798,68.0
Orissa,Sundargarh,22.06354819277107,84.50524819277099,374,2093437,1061147,1032290,1342322,12787,77581,223537,35024,41.71,55.1,27.95,3.71,10.68,1.67,0.61,387911,230151,64.0
Puducherry,Karaikal,10.876161726078813,79.82369793621002,637,200222,97809,102413,154916,1868,28366,47880,4870,34.11,54.33,14.8,14.17,23.91,2.43,0.93,35618,33715,77.0
Puducherry,Mahe,12.006420793787758,75.28275021570326,636,41816,19143,22673,36470,574,3632,7150,1484,28.22,47.5,11.95,8.69,17.1,3.55,1.37,0,12110,87.0
Puducherry,Yanam,16.707695652173904,82.26187304347832,634,55626,27301,28325,39274,207,10399,12859,597,30.13,51.45,9.58,18.69,23.12,1.07,0.37,0,15519,71.0
Punjab,Amritsar,31.548679820627772,74.79883856502238,49,2490656,1318408,1172248,1684770,29961,279993,461231,63864,36.85,55.76,15.58,11.24,18.52,2.56,1.2,275477,385476,68.0
Punjab,Bathinda,30.190524611973352,75.05685898004438,46,1388525,743197,645328,844868,11284,118427,255650,32253,39.61,58.26,18.13,8.53,18.41,2.32,0.81,218159,137563,61.0
Punjab,Faridkot,30.591187250996025,74.79751553784862,45,617508,326671,290837,381285,4348,62103,113549,12276,35.88,56.65,12.55,10.06,18.39,1.99,0.7,99946,58917,62.0
Punjab,Fatehgarh Sahib,30.64290947368421,76.36208394736842,40,600163,320795,279368,426033,5138,64037,113683,14294,35.79,56.98,11.46,10.67,18.94,2.38,0.86,117559,57337,71.0
Punjab,Firozpur,30.63407535211269,74.40245732394365,43,2029074,1071637,957437,1227511,10042,141899,349662,31070,37.29,55.65,16.74,6.99,17.23,1.53,0.49,348522,153868,60.0
Punjab,Gurdaspur,32.04283371212125,75.3204064393939,35,2298323,1212617,1085706,1634719,14428,244468,411216,38445,32.94,52.58,11.01,10.64,17.89,1.67,0.63,420860,185488,71.0
Punjab,Hoshiarpur,31.55157169811319,75.8469857442349,38,1586625,809057,777568,1199699,13747,201675,319930,34328,31.5,50.99,11.23,12.71,20.16,2.16,0.87,422673,128592,76.0
Punjab,Jalandhar,31.250336907216507,75.54400350515463,37,2193590,1145211,1048379,1622537,39082,299449,446200,79134,35.31,55.84,12.88,13.65,20.34,3.61,1.78,330339,377791,74.0
Punjab,Kapurthala,31.336592638036837,75.47641165644177,36,815168,426311,388857,576567,9732,110555,161206,23145,34.86,55.26,12.5,13.56,19.78,2.84,1.19,165433,95770,71.0
Punjab,Ludhiana,30.76596397379912,75.83110851528383,41,3498739,1867816,1630923,2560225,58589,488757,703624,123400,36.72,56.41,14.18,13.97,20.11,3.53,1.67,395032,641789,73.0
Punjab,Mansa,29.919547714285724,75.4304922857143,47,769751,408732,361019,423560,2673,39414,140099,10085,42.68,56.45,27.08,5.12,18.2,1.31,0.35,145603,50786,55.0
Punjab,Moga,30.756540067340065,75.1600845117845,42,995746,525920,469826,627889,7897,89445,183396,21662,36.07,55.59,14.22,8.98,18.42,2.18,0.79,214295,74144,63.0
Punjab,Muktsar,30.31243303303303,74.5518747747748,44,901896,475622,426274,524848,4571,76441,166585,14077,37.18,57.34,14.69,8.48,18.47,1.56,0.51,149507,74650,58.0
Punjab,Patiala,30.214540380693364,76.27505893949697,48,1895686,1002522,893164,1266791,24274,209192,352929,55105,34.83,54.83,12.38,11.04,18.62,2.91,1.28,299279,218090,67.0
Punjab,Rupnagar,30.910937330754347,76.53743500967126,51,684627,357485,327142,502731,6600,67749,129123,17542,34.13,52.28,14.3,9.9,18.86,2.56,0.96,148162,60537,73.0
Punjab,Sangrur,30.185045204336895,75.89437014178496,53,1655169,878029,777140,1002077,10736,135280,305557,30955,34.36,55.25,10.76,8.17,18.46,1.87,0.65,292156,156788,61.0
Rajasthan,Ajmer,26.199300378787903,74.6990419191919,119,2583052,1324085,1258967,1526673,13499,171799,393498,41732,40.79,51.82,29.2,6.65,15.23,1.62,0.52,409335,274919,59.0
Rajasthan,Alwar,27.55271738035265,76.65359630562563,104,3674179,1939026,1735153,2182476,9750,123478,485723,45770,46.5,51.27,41.17,3.36,13.22,1.25,0.27,782294,212967,59.0
Rajasthan,Banswara,23.453642032967014,74.44246868131869,125,1797485,907754,889731,829343,2324,34189,120603,15062,50.99,53.12,48.82,1.9,6.71,0.84,0.13,390437,39407,46.0
Rajasthan,Baran,24.98023243243244,76.86210651828291,128,1222755,633945,588810,693307,1363,32685,161310,9491,45.19,52.02,37.84,2.67,13.19,0.78,0.11,249184,69804,57.0
Rajasthan,Barmer,25.77070908045978,71.50297126436782,115,2603751,1369022,1234729,1188322,2766,39580,126494,37730,46.18,50.86,41.0,1.52,4.86,1.45,0.11,542825,55980,46.0
Rajasthan,Bharatpur,27.32411858037578,77.21752077244258,105,2548462,1355726,1192736,1480869,4179,61113,288723,26106,42.03,47.74,35.54,2.4,11.33,1.02,0.16,479437,129697,58.0
Rajasthan,Bhilwara,25.45119767759564,74.63947595628417,122,2408523,1220736,1187787,1256126,6207,93768,373644,24014,47.67,55.26,39.87,3.89,15.51,1.0,0.26,530015,145865,52.0
Rajasthan,Bikaner,28.12489068322981,73.26943322981371,101,2363937,1240801,1123136,1278801,7607,108812,220793,29531,41.72,51.63,30.77,4.6,9.34,1.25,0.32,335754,196179,54.0
Rajasthan,Bundi,25.48580716049379,75.79984074074079,121,1110906,577160,533746,585044,1392,33406,136969,7705,47.36,54.54,39.59,3.01,12.33,0.69,0.13,239836,63452,53.0
Rajasthan,Chittaurgarh,24.631623761665463,74.80010997846382,126,1544338,783171,761167,821825,4941,59190,268172,16560,51.98,58.31,45.47,3.83,17.36,1.07,0.32,366780,88873,53.0
Rajasthan,Churu,28.29330375536484,74.65846427038629,102,2039547,1051446,988101,1149269,2577,74197,231696,15259,44.27,51.49,36.58,3.64,11.36,0.75,0.13,344897,148996,56.0
Rajasthan,Dausa,26.91234817629181,76.57342097264443,109,1634409,857787,776622,938051,1719,35600,195277,14539,41.88,46.42,36.87,2.18,11.95,0.89,0.11,361084,59610,57.0
Rajasthan,Dhaulpur,26.72397054945053,77.74476219780222,106,1206516,653647,552869,683098,1330,24561,96086,9504,43.37,51.88,33.3,2.04,7.96,0.79,0.11,214670,58626,57.0
Rajasthan,Dungarpur,23.75104807692308,73.84765641025645,124,1388552,696532,692020,681591,1477,26351,141275,11742,46.2,49.76,42.61,1.9,10.17,0.85,0.11,322816,31547,49.0
Rajasthan,Ganganagar,29.256785412667963,73.56192303262948,99,1969168,1043340,925828,1193343,6295,88543,283142,24901,46.35,57.15,34.17,4.5,14.38,1.26,0.32,397697,164897,61.0
Rajasthan,Hanumangarh,29.1813351791531,74.74632573289902,100,1774692,931184,843508,1034136,3360,55515,243163,16217,47.07,55.07,38.23,3.13,13.7,0.91,0.19,389059,108694,58.0
Rajasthan,Jaipur,27.033459290187885,75.77117286012533,110,6626178,3468507,3157671,4300965,76565,570997,990085,182350,37.2,49.44,23.75,8.62,14.94,2.75,1.16,754841,977838,65.0
Rajasthan,Jaisalmer,26.86900838548185,71.18371877346682,114,669919,361708,308211,308653,754,12431,43141,7416,43.13,50.47,34.5,1.86,6.44,1.11,0.11,159117,30830,46.0
Rajasthan,Jalor,25.07578093797277,72.18647261724662,116,1828730,936634,892096,829582,1585,39745,161845,12794,49.03,52.84,45.03,2.17,8.85,0.7,0.09,419216,48202,45.0
Rajasthan,Jhalawar,24.24725541474657,76.11242891705065,129,1411129,725143,685986,739792,1750,38909,220428,9403,48.61,55.55,41.27,2.76,15.62,0.67,0.12,298624,63763,52.0
Rajasthan,Jhunjhunun,28.13517401247401,75.52840893970894,103,2137045,1095896,1041149,1370360,4828,131987,297559,24178,41.86,49.4,33.93,6.18,13.92,1.13,0.23,500452,150357,64.0
Rajasthan,Jodhpur,26.678460838536967,73.00450847457628,113,3687165,1923928,1763237,2031532,19335,197135,408808,54808,40.4,50.16,29.75,5.35,11.09,1.49,0.52,584215,307442,55.0
Rajasthan,Karauli,26.51901555555556,76.96081818181815,107,1458248,783639,674609,805849,1059,28296,132079,13045,43.12,47.35,38.2,1.94,9.06,0.89,0.07,305047,59308,55.0
Rajasthan,Kota,25.175718080000014,76.18618928000001,127,1951014,1021161,929853,1298345,12843,165563,339899,36297,38.38,52.36,23.03,8.49,17.42,1.86,0.66,203454,311735,67.0
Rajasthan,Nagaur,27.07862016048146,74.14215667001012,112,3307743,1696325,1611418,1758624,4449,97267,347344,35328,43.11,50.52,35.3,2.94,10.5,1.07,0.13,675712,166489,53.0
Rajasthan,Pali,25.80490393541874,73.55285640766907,118,2037573,1025422,1012151,1085693,4043,94821,326793,19270,41.34,51.01,31.54,4.65,16.04,0.95,0.2,512909,139808,53.0
Rajasthan,Rajsamand,25.24894767441859,73.96570215946844,123,1156597,581339,575258,619139,1989,36073,193276,9222,47.63,54.97,40.21,3.12,16.71,0.8,0.17,304622,61054,54.0
Rajasthan,Sawai Madhopur,26.251081180223288,76.4219283891548,108,1335551,704031,631520,741748,1887,40116,140947,14310,43.28,48.83,37.1,3.0,10.55,1.07,0.14,282057,71264,56.0
Rajasthan,Sikar,27.64644058641976,75.29317422839503,111,2677333,1374990,1302343,1652117,5647,131342,339457,28382,37.59,47.84,26.77,4.91,12.68,1.06,0.21,527560,178274,62.0
Rajasthan,Sirohi,24.7976905263158,72.75309131578943,117,1036346,534231,502115,476806,2146,47182,134089,10297,40.51,50.95,29.4,4.55,12.94,0.99,0.21,238535,69639,46.0
Rajasthan,Tonk,26.153935071707927,75.79192216427637,120,1421326,728136,693190,749659,1908,32359,158264,12482,45.67,51.07,40.01,2.28,11.13,0.88,0.13,298911,81755,53.0
Rajasthan,Udaipur,24.44076752136749,73.84029839743584,130,3068420,1566801,1501619,1582629,14211,128320,357846,48517,44.51,53.35,35.29,4.18,11.66,1.58,0.46,665449,182769,52.0
Sikkim,East,27.29600352941175,88.74908392156858,93,1709346,907500,801846,1352998,80037,327253,352758,127465,33.91,53.66,11.57,19.14,20.64,7.46,4.68,1086,461132,79.0
Tamil Nadu,Ariyalur,11.190514836795256,79.22249643916912,616,754894,374703,380191,480604,1749,39642,177502,8371,47.67,56.72,38.74,5.25,23.51,1.11,0.23,223955,30322,64.0
Tamil Nadu,Chennai,13.058098905608748,80.28139151846806,603,4646732,2335844,2310888,3776276,217368,910262,1096334,355838,39.11,58.62,19.39,19.59,23.59,7.66,4.68,0,1314125,81.0
Tamil Nadu,Coimbatore,10.871376995940452,77.07619012178621,632,3458045,1729297,1728748,2635907,63273,675153,896325,149920,45.34,62.63,28.04,19.52,25.92,4.34,1.83,284795,884957,76.0
Tamil Nadu,Cuddalore,11.57587300613498,79.63002365371497,617,2605914,1311697,1294217,1815281,15396,244610,598412,50938,44.89,57.15,32.47,9.39,22.96,1.95,0.59,497429,260780,70.0
Tamil Nadu,Dharmapuri,12.300141200000006,78.11509813333339,630,1506843,774303,732540,917709,3651,104785,337972,18927,49.85,57.61,41.65,6.95,22.43,1.26,0.24,396819,91107,61.0
Tamil Nadu,Dindigul,10.377801390820574,77.78011279554937,612,2159775,1080938,1078837,1481834,9155,209640,500057,38677,51.17,61.56,40.76,9.71,23.15,1.79,0.42,443818,269724,69.0
Tamil Nadu,Erode,11.267012155963302,77.42034334862392,610,2251744,1129868,1121876,1492662,18604,371015,595211,58861,53.1,64.79,41.33,16.48,26.43,2.61,0.83,411286,432398,66.0
Tamil Nadu,Kancheepuram,12.496424756511884,80.08820360135913,604,3998252,2012958,1985294,3013382,100322,622095,961161,200738,41.86,58.69,24.81,15.56,24.04,5.02,2.51,438799,774705,75.0
Tamil Nadu,Kanniyakumari,8.183466300191206,77.32053064053538,629,1870374,926345,944029,1548738,15673,199188,465692,52943,36.34,56.63,16.42,10.65,24.9,2.83,0.84,104253,493788,83.0
Tamil Nadu,Karur,10.79532776617955,78.08749686847604,613,1064493,528184,536309,727044,4915,135831,264949,17995,51.04,62.3,39.95,12.76,24.89,1.69,0.46,212241,152420,68.0
Tamil Nadu,Madurai,9.904313833333331,78.01366033333332,623,3038252,1526475,1511777,2273430,34097,391821,754141,95311,44.59,59.14,29.89,12.9,24.82,3.14,1.12,417718,592723,75.0
Tamil Nadu,Nagapattinam,10.789468161718286,79.79437299431483,618,1616450,798127,818323,1213008,5585,143846,381940,19692,41.57,57.78,25.76,8.9,23.63,1.22,0.35,399016,118724,75.0
Tamil Nadu,Namakkal,11.33766638477801,78.14624841437633,609,1726601,869280,857321,1176131,8960,265276,441044,31581,52.02,61.14,42.78,15.36,25.54,1.83,0.52,370357,257127,68.0
Tamil Nadu,Perambalur,11.260137758112096,78.86034011799416,615,565223,282157,283066,375823,1507,49390,135751,7745,53.03,57.64,48.43,8.74,24.02,1.37,0.27,155413,33179,66.0
Tamil Nadu,Pudukkottai,10.130514816433578,79.05444484265728,621,1618345,803188,815157,1110545,4494,82967,354493,18272,47.07,58.65,35.65,5.13,21.9,1.13,0.28,399712,104229,69.0
Tamil Nadu,Ramanathapuram,9.31286995153476,78.99185362412462,626,1353445,682658,670787,978946,5172,100484,291400,22379,44.55,57.53,31.34,7.42,21.53,1.65,0.38,290478,126761,72.0
Tamil Nadu,Salem,11.629324202127655,78.2478257978723,608,3482056,1781571,1700485,2285562,20660,448968,835377,63867,48.65,60.83,35.89,12.89,23.99,1.83,0.59,572813,597539,66.0
Tamil Nadu,Sivaganga,9.960306580645158,78.56535729032255,622,1339101,668672,670429,959744,5773,113822,314270,24456,46.31,58.52,34.14,8.5,23.47,1.83,0.43,309224,143193,72.0
Tamil Nadu,Thanjavur,10.387692255892237,79.3194869107745,620,2405890,1182416,1223474,1790998,13495,223044,555582,42912,40.49,57.55,24.0,9.27,23.09,1.78,0.56,479070,274302,74.0
Tamil Nadu,Theni,9.924066666666668,77.43458833333332,624,1245899,625683,620216,870080,4667,147529,312310,18830,47.49,58.96,35.91,11.84,25.07,1.51,0.37,189328,221295,70.0
Tamil Nadu,Thiruvallur,13.275858101752885,80.19724702864492,602,3728104,1876062,1852042,2791721,75634,621907,909400,174279,41.26,58.82,23.46,16.68,24.39,4.67,2.03,387237,732196,75.0
Tamil Nadu,Thiruvarur,10.368927409395978,79.60322893959727,619,1264277,626693,637584,946471,4416,109580,303114,15535,42.73,59.02,26.71,8.67,23.98,1.23,0.35,321331,86848,75.0
Tamil Nadu,Tiruvannamalai,12.419318947368414,79.23265631578953,606,2464875,1235889,1228986,1626813,6445,176242,549077,27529,50.23,59.79,40.62,7.15,22.28,1.12,0.26,563102,147061,66.0
Tamil Nadu,Vellore,12.784882632293078,79.02643283582084,605,3936331,1961688,1974643,2773928,20623,417535,865913,69912,42.92,57.29,28.64,10.61,22.0,1.78,0.52,653499,486801,70.0
Tamil Nadu,Virudhunagar,9.468872195892564,77.87641469194315,625,1942288,967709,974579,1398788,10219,235005,505950,37357,48.92,59.84,38.07,12.1,26.05,1.92,0.53,363782,370942,72.0
Tripura,Dhalai,23.781360477941163,91.94654283088232,291,378230,194544,183686,276217,273,5532,46875,5067,41.2,54.31,27.32,1.46,12.39,1.34,0.07,89457,14071,73.0
Tripura,North Tripura,24.121739755351683,92.17842538226292,292,693947,352860,341087,520402,997,19631,81601,10310,35.83,52.72,18.36,2.83,11.76,1.49,0.14,150437,42184,75.0
Tripura,South Tripura,23.211874098057383,91.6065807585568,290,876001,447544,428457,646810,948,20246,133744,10393,41.88,56.58,26.52,2.31,15.27,1.19,0.11,219171,44906,74.0
Tripura,West Tripura,23.780166241299337,91.41310788863107,289,1725739,879428,846311,1361354,6394,103228,314567,36186,40.46,56.9,23.37,5.98,18.23,2.1,0.37,289621,217016,79.0
Uttar Pradesh,Agra,26.99512974910393,78.05278291517321,146,4418797,2364953,2053844,2680510,27183,251013,536402,82012,31.45,47.35,13.15,5.68,12.14,1.86,0.62,496971,406852,61.0
Uttar Pradesh,Aligarh,27.93748576850093,78.00146831119557,143,3673889,1951996,1721893,2092567,13634,153283,268120,58336,31.97,47.61,14.23,4.17,7.3,1.59,0.37,582117,275942,57.0
Uttar Pradesh,Allahabad,25.392038662316445,82.05172446982063,175,5954391,3131807,2822584,3665727,24122,204357,391542,85491,35.47,45.54,24.3,3.43,6.58,1.44,0.41,983266,265304,62.0
Uttar Pradesh,Ambedkar Nagar,26.39119025974028,82.68282142857147,178,2397888,1212410,1185478,1486939,2509,21512,99581,27308,32.84,45.15,20.24,0.9,4.15,1.14,0.1,501559,65031,62.0
Uttar Pradesh,Auraiya,26.66892394014961,79.42637057356607,162,1379545,740040,639505,930836,2404,32687,65479,14279,32.04,49.26,12.12,2.37,4.75,1.04,0.17,255836,58438,67.0
Uttar Pradesh,Azamgarh,26.008290954773837,83.01220251256285,191,4613913,2285004,2328909,2771917,6652,49699,183381,47324,29.74,41.22,18.47,1.08,3.97,1.03,0.14,891024,80434,60.0
Uttar Pradesh,Baghpat,29.045793499999988,77.30266300000001,139,1303048,700070,602978,797970,2989,44732,119121,19999,31.98,48.94,12.29,3.43,9.14,1.53,0.23,246055,69991,61.0
Uttar Pradesh,Bahraich,27.691776300578027,81.46779783237004,180,3487731,1843884,1643847,1398368,2681,38940,85814,35463,33.03,48.57,15.61,1.12,2.46,1.02,0.08,698520,61742,40.0
Uttar Pradesh,Ballia,25.86075638297873,84.03651978723408,193,3239774,1672902,1566872,1963590,4672,62157,119972,42969,31.47,43.22,18.92,1.92,3.7,1.33,0.14,564927,64454,61.0
Uttar Pradesh,Balrampur,27.449076537911324,82.47158326180256,182,2148665,1114721,1033944,868357,1551,16229,57400,15510,35.38,47.93,21.85,0.76,2.67,0.72,0.07,410070,35768,40.0
Uttar Pradesh,Banda,25.351885902503284,80.52487391304344,170,1799410,965876,833534,1002937,1655,26907,73522,18612,39.0,50.25,25.96,1.5,4.09,1.03,0.09,378056,67569,56.0
Uttar Pradesh,Bara Banki,26.922777025232424,81.35762350597606,176,3260699,1707073,1553626,1692458,3159,60554,108116,26293,36.58,51.04,20.7,1.86,3.32,0.81,0.1,635840,79068,52.0
Uttar Pradesh,Bareilly,28.51101940789474,79.43187072368416,150,4448359,2357665,2090694,2191759,15164,210687,272830,56575,31.52,48.9,11.91,4.74,6.13,1.27,0.34,631613,362798,49.0
Uttar Pradesh,Basti,26.833880454545447,82.69790590909092,185,2464464,1255272,1209192,1393783,3423,37593,108101,30244,31.8,44.5,18.61,1.53,4.39,1.23,0.14,513960,31065,57.0
Uttar Pradesh,Bijnor,29.313974259681096,78.45098815489754,134,3682713,1921215,1761498,2135393,7303,128042,268353,37341,29.54,47.96,9.45,3.48,7.29,1.01,0.2,683875,224648,58.0
Uttar Pradesh,Bulandshahr,28.34875862068968,78.01082758620684,142,3499171,1845260,1653911,2031656,7865,124641,223922,38225,33.53,48.66,16.65,3.56,6.4,1.09,0.22,658449,221628,58.0
Uttar Pradesh,Chandauli,25.1180859611231,83.25307062634984,196,1952756,1017905,934851,1174606,3492,32433,99602,20762,33.42,45.48,20.28,1.66,5.1,1.06,0.18,344937,50822,60.0
Uttar Pradesh,Chitrakoot,25.159924623803,81.07666087551297,171,991730,527721,464009,531072,827,11637,41046,9437,39.75,48.32,30.0,1.17,4.14,0.95,0.08,207237,23558,54.0
Uttar Pradesh,Deoria,26.42218856548857,83.8244070686071,190,3100946,1537436,1563510,1875239,4469,60348,150001,36068,28.26,41.57,15.17,1.95,4.84,1.16,0.14,597778,67928,60.0
Uttar Pradesh,Etah,27.591155309734443,78.70021858407083,201,1774480,947339,827141,1055202,2635,37027,69591,19712,30.77,46.47,12.78,2.09,3.92,1.11,0.15,334246,67752,59.0
Uttar Pradesh,Etawah,26.78817670157068,79.07621806282728,161,1581810,845856,735954,1062003,2964,47520,113098,21506,31.99,48.91,12.55,3.0,7.15,1.36,0.19,265643,85483,67.0
Uttar Pradesh,Faizabad,26.60589185185181,82.00783530864202,177,2470996,1259628,1211368,1450901,4746,58328,127754,28625,33.64,47.47,19.26,2.36,5.17,1.16,0.19,510378,79288,59.0
Uttar Pradesh,Farrukhabad,27.45063297872342,79.4406284574468,159,1885204,1006240,878964,1092677,2624,59209,88081,18733,31.42,49.15,11.12,3.14,4.67,0.99,0.14,316647,94843,58.0
Uttar Pradesh,Fatehpur,25.8374362030905,80.85416203090509,172,2632733,1384722,1248011,1512166,3385,43492,75263,33501,40.41,51.54,28.06,1.65,2.86,1.27,0.13,558807,77733,57.0
Uttar Pradesh,Firozabad,27.20963993055552,78.42660624999998,147,2498156,1332046,1166110,1521806,5834,100919,196080,31797,30.48,46.68,11.98,4.04,7.85,1.27,0.23,349747,185621,61.0
Uttar Pradesh,Gautam Buddha Nagar,28.393311038961038,77.52462467532465,141,1648115,890214,757901,1122947,53181,193902,257586,87188,34.53,49.81,16.59,11.77,15.63,5.29,3.23,170835,338935,68.0
Uttar Pradesh,Ghaziabad,28.74997308584685,77.67441879350343,140,4681645,2488834,2192811,3123264,78116,501592,695130,179552,32.48,49.49,13.18,10.71,14.85,3.84,1.67,355407,836316,67.0
Uttar Pradesh,Ghazipur,25.624724775583484,83.5360854578097,195,3620268,1855075,1765193,2197549,5309,36798,105767,50180,33.27,43.59,22.43,1.02,2.92,1.39,0.15,700173,61467,61.0
Uttar Pradesh,Gonda,27.157215552099505,82.0226888024882,183,3433919,1787146,1646773,1679994,4313,45517,104084,31811,34.09,47.89,19.11,1.33,3.03,0.93,0.13,673578,52794,49.0
Uttar Pradesh,Gorakhpur,26.63315886792452,83.3549560377358,188,4440895,2277777,2163118,2700328,14597,149727,296619,65360,30.44,44.64,15.48,3.37,6.68,1.47,0.33,761958,189170,61.0
Uttar Pradesh,Hardoi,27.337409090909137,80.26411767676768,155,4092845,2191442,1901403,2221601,3845,60689,95508,32065,32.23,49.83,11.94,1.48,2.33,0.78,0.09,786613,121064,54.0
Uttar Pradesh,Jalaun,26.067954587155988,79.36686911314993,165,1689974,906092,783882,1075196,2217,42616,104176,18615,36.73,51.98,19.11,2.52,6.16,1.1,0.13,304856,91565,64.0
Uttar Pradesh,Jaunpur,25.70141280913127,82.54315351934063,194,4494204,2220465,2273739,2731677,8002,56508,181467,52398,31.98,42.07,22.13,1.26,4.04,1.17,0.18,926088,80582,61.0
Uttar Pradesh,Jhansi,25.45581535234902,78.89954580536917,166,1998603,1057436,941167,1304513,8517,94342,183340,40774,40.77,53.46,26.52,4.72,9.17,2.04,0.43,309592,195321,65.0
Uttar Pradesh,Jyotiba Phule Nagar,28.870498984771597,78.39009365482241,137,1840221,963449,876772,983110,2825,55064,89329,18303,32.56,47.65,15.97,2.99,4.85,0.99,0.15,335888,115486,53.0
Uttar Pradesh,Kannauj,26.993988617886185,79.64437940379408,160,1656616,881776,774840,1017087,2488,32510,61491,18082,31.67,48.87,12.1,1.96,3.71,1.09,0.15,299785,65985,61.0
Uttar Pradesh,Kanpur Dehat,26.43047641196011,79.98710083056478,163,1796184,963255,832929,1170243,2682,23831,49753,25354,35.01,51.28,16.19,1.33,2.77,1.41,0.15,363933,41323,65.0
Uttar Pradesh,Kaushambi,25.53587532051282,81.41811282051287,174,1599596,838485,761111,813424,1503,22034,43753,15029,39.95,48.02,31.07,1.38,2.74,0.94,0.09,349856,30764,51.0
Uttar Pradesh,Kushinagar,26.892530675909864,83.92261542461007,189,3564544,1818055,1746489,1954820,3486,29304,127331,35931,31.34,44.27,17.87,0.82,3.57,1.01,0.1,742324,42775,55.0
Uttar Pradesh,Lalitpur,24.58877161016945,78.60082330508473,167,1221592,641011,580581,641191,1079,20720,77082,9906,41.2,50.98,30.41,1.7,6.31,0.81,0.09,258013,43819,52.0
Uttar Pradesh,Lucknow,26.838233589251463,80.89706026871404,157,4589838,2394476,2195362,3127260,68506,469747,582769,152257,33.61,51.22,14.41,10.23,12.7,3.32,1.49,344155,717566,68.0
Uttar Pradesh,Mahoba,25.34529670138888,79.67863003472216,169,875958,466358,409600,488106,1316,12874,42936,11298,39.92,50.85,27.47,1.47,4.9,1.29,0.15,198298,48525,56.0
Uttar Pradesh,Mainpuri,27.17386862302482,79.03501851015807,148,1868529,993377,875152,1203885,2642,43074,79022,24451,30.02,46.92,10.83,2.31,4.23,1.31,0.14,338475,72783,64.0
Uttar Pradesh,Mathura,27.59390432801821,77.62153416856502,145,2547184,1367125,1180059,1507746,8726,107867,281239,37596,33.01,46.46,17.44,4.23,11.04,1.48,0.34,407488,177802,59.0
Uttar Pradesh,Mau,26.01082203791469,83.50582654028433,192,2205968,1114709,1091259,1363044,2656,40087,149908,26716,31.58,42.65,20.28,1.82,6.8,1.21,0.12,352207,99321,62.0
Uttar Pradesh,Meerut,29.02957625698323,77.80611005586593,138,3443689,1825743,1617946,2141488,23717,236071,425624,69473,31.67,49.23,11.85,6.86,12.36,2.02,0.69,381520,422303,62.0
Uttar Pradesh,Mirzapur,25.10207959183675,82.60126628571429,199,2496970,1312302,1184668,1428683,4447,43500,145997,24518,35.32,46.72,22.7,1.74,5.85,0.98,0.18,465152,77963,57.0
Uttar Pradesh,Moradabad,28.851770406189537,78.73580193423597,135,4772006,2503186,2268820,2263848,11690,179473,281758,61846,29.71,47.68,9.89,3.76,5.9,1.3,0.24,692398,355518,47.0
Uttar Pradesh,Muzaffarnagar,29.470507977736563,77.64017847866423,133,4143512,2193434,1950078,2417339,10077,147785,368153,56149,31.17,49.31,10.77,3.57,8.89,1.36,0.24,673746,296104,58.0
Uttar Pradesh,Pilibhit,28.52024175035868,79.90103974175037,151,2031007,1072002,959005,1061095,2870,47723,83006,18097,30.46,49.9,8.72,2.35,4.09,0.89,0.14,371752,89638,52.0
Uttar Pradesh,Pratapgarh,25.864842731707316,81.93530048780492,131,867848,437744,430104,401515,716,17984,71612,5961,55.46,57.5,53.38,2.07,8.25,0.69,0.08,209813,24269,46.0
Uttar Pradesh,Pratapgarh,25.864842731707316,81.93530048780492,173,3209141,1606085,1603056,1931559,5149,46358,140538,34400,33.24,43.87,22.58,1.44,4.38,1.07,0.16,711085,41701,60.0
Uttar Pradesh,Rae Bareli,26.253902840059787,81.22260463378181,158,3405559,1752542,1653017,1965843,5184,65080,247856,34788,35.37,49.49,20.41,1.91,7.28,1.02,0.15,705025,73393,58.0
Uttar Pradesh,Rampur,28.83244727272725,79.10977333333337,136,2335819,1223889,1111930,1043666,3847,62281,131112,25960,31.56,49.82,11.47,2.67,5.61,1.11,0.16,396775,143217,45.0
Uttar Pradesh,Saharanpur,30.03381165217392,77.59905147826095,132,3466382,1834106,1632276,2077108,9699,149035,404499,38816,29.93,49.68,7.73,4.3,11.67,1.12,0.28,605082,284156,60.0
Uttar Pradesh,Sant Kabir Nagar,26.791596516393444,83.0387764344262,186,1715183,869656,845527,954949,2031,17671,79525,19729,31.45,44.1,18.45,1.03,4.64,1.15,0.12,324972,27179,56.0
Uttar Pradesh,Shahjahanpur,27.991389350649328,79.8302275324675,152,3006538,1606403,1400135,1490930,3889,91958,115163,27533,29.68,48.76,7.78,3.06,3.83,0.92,0.13,520289,134714,50.0
Uttar Pradesh,Sitapur,27.501995963091108,80.85288881199547,154,4483992,2375264,2108728,2283733,3874,74072,102040,34609,31.73,49.31,11.92,1.65,2.28,0.77,0.09,827583,111319,51.0
Uttar Pradesh,Sonbhadra,24.46693268858798,83.06816324951639,200,1862559,971344,891215,985708,5149,40467,95582,25220,39.21,47.73,29.94,2.17,5.13,1.35,0.28,337048,91040,53.0
Uttar Pradesh,Sultanpur,26.2846386419753,82.05710456790123,179,3797117,1914586,1882531,2239902,5956,55055,233701,44008,32.73,45.43,19.8,1.45,6.15,1.16,0.16,839737,49891,59.0
Uttar Pradesh,Unnao,26.63163990895297,80.636773292868,156,3108367,1630087,1478280,1773584,3476,70484,99466,28719,36.18,52.21,18.52,2.27,3.2,0.92,0.11,596317,121039,57.0
Uttar Pradesh,Varanasi,25.36057088888889,82.82529666666672,197,3676841,1921857,1754984,2403903,19214,202055,336056,57583,33.2,47.93,17.06,5.5,9.14,1.57,0.52,438935,316129,65.0
Uttaranchal,Almora,29.683532133676103,79.50165064267351,64,622506,291081,331425,436497,1830,40199,109876,9858,47.9,48.94,46.99,6.46,17.65,1.58,0.29,260056,21082,70.0
Uttaranchal,Bageshwar,29.98703393393397,79.83954354354357,63,259898,124326,135572,179483,435,13352,47083,3595,47.57,47.22,47.89,5.14,18.12,1.38,0.17,96031,3880,69.0
Uttaranchal,Chamoli,30.58338611464965,79.56281095541402,57,391605,193991,197614,280556,899,27853,71524,5582,46.2,48.37,44.08,7.11,18.26,1.43,0.23,163434,22906,72.0
Uttaranchal,Champawat,29.29142393939393,80.07720212121217,65,259648,131125,128523,177726,548,18785,37725,3159,38.35,46.08,30.45,7.23,14.53,1.22,0.21,85202,12839,68.0
Uttaranchal,Pithoragarh,30.14720631868129,80.34229230769236,62,483439,239306,244133,345550,1344,45365,95421,7932,44.78,47.45,42.17,9.38,19.74,1.64,0.28,183687,26256,71.0
Uttaranchal,Tehri Garhwal,30.463700918635173,78.48783792650917,59,618931,297986,320945,407994,1366,50929,117239,7831,45.31,47.26,43.5,8.23,18.94,1.27,0.22,227059,27177,66.0
Uttaranchal,Udham Singh Nagar,29.02779577677222,79.45629004524895,67,1648902,858783,790119,1037839,7883,116576,254802,28053,35.87,51.77,18.59,7.07,15.45,1.7,0.48,269406,145253,63.0
Uttaranchal,Uttarkashi,30.968958552036234,78.56880615384617,56,330086,168597,161489,215126,602,21374,52621,4104,47.65,49.98,45.21,6.48,15.94,1.24,0.18,112148,9061,65.0
West Bengal,Bankura,23.081280892857155,87.12640053571437,339,3596674,1838095,1758579,2232992,4273,45126,334670,34128,40.77,57.17,23.62,1.25,9.3,0.95,0.12,900515,90885,62.0
West Bengal,Barddhaman,23.444453888888884,87.8150581111111,335,7717563,3966889,3750674,5247208,32323,292585,1049943,141387,37.72,57.81,16.48,3.79,13.6,1.83,0.42,1364868,862368,68.0
West Bengal,Birbhum,24.06389342723,87.65153089201888,334,3502404,1790920,1711484,2158447,5210,57010,333752,39636,38.02,57.5,17.64,1.63,9.53,1.13,0.15,831044,134565,62.0
West Bengal,Dakshin Dinajpur,25.342094363021435,88.69821679819614,331,1676276,857199,819077,1083685,2518,37186,168069,24318,41.94,58.28,24.84,2.22,10.03,1.45,0.15,390949,70077,65.0
West Bengal,Darjiling,26.839619571045585,88.33145067024122,327,1846823,937259,909564,1315585,10943,141897,297176,38065,37.02,51.17,22.44,7.68,16.09,2.06,0.59,303284,215675,71.0
West Bengal,Haora,22.401674174428507,87.99421176968654,341,4850029,2500819,2349210,3605206,30751,325053,796953,99261,37.52,59.91,13.69,6.7,16.43,2.05,0.63,483384,869313,74.0
West Bengal,Hugli,22.87929264705881,88.00010264705891,338,5519145,2814653,2704492,4078388,31725,319815,965258,118459,39.01,60.88,16.24,5.79,17.49,2.15,0.57,992085,647953,74.0
West Bengal,Jalpaiguri,26.62642031250004,89.04154375000003,328,3872846,1983064,1889782,2498780,9322,138522,382500,48818,39.06,55.03,22.31,3.58,9.88,1.26,0.24,798378,319426,65.0
West Bengal,Kolkata,22.550581481481483,88.3527648148148,342,4496694,2356766,2139928,3588137,136618,623579,927602,252644,39.93,59.93,17.91,13.87,20.63,5.62,3.04,0,1308106,80.0
West Bengal,Maldah,25.08026802575105,88.17191684549356,332,3988845,2051541,1937304,2086432,5357,54213,297716,63525,38.55,52.96,23.3,1.36,7.46,1.59,0.13,830318,128678,52.0
West Bengal,Murshidabad,24.25950655391121,88.16816860465121,333,7103807,3627564,3476243,4055834,7951,92742,541169,79729,36.46,54.74,17.38,1.31,7.62,1.12,0.11,1501066,350899,57.0
West Bengal,Nadia,23.56410971055088,88.58293034547152,336,5167600,2653768,2513832,3480555,12787,168314,623729,77210,35.66,58.56,11.48,3.26,12.07,1.49,0.25,1081381,468390,67.0
West Bengal,Puruliya,23.254192328767108,86.3968532876713,340,2930115,1496996,1433119,1624905,3551,30675,189889,32862,42.65,53.52,31.29,1.05,6.48,1.12,0.12,653219,99433,55.0
West Bengal,Uttar Dinajpur,26.044619165196977,88.23595232216337,330,3007134,1551066,1456068,1489667,2883,39138,199307,31210,35.77,51.55,18.96,1.3,6.63,1.04,0.1,683981,94269,50.0
